images,MOS
deepai_0_0_0_0.jpg,2.7934
deepai_0_0_0_1.jpg,4.1600
deepai_0_0_1_0.jpg,3.4862
deepai_0_0_1_1.jpg,2.4620
deepai_0_1_0_0.jpg,2.6469
deepai_0_1_0_1.jpg,2.6856
deepai_0_1_1_0.jpg,2.7512
deepai_0_1_1_1.jpg,2.9155
deepai_0_10_0_0.jpg,2.3157
deepai_0_10_0_1.jpg,2.8146
deepai_0_10_1_0.jpg,2.7142
deepai_0_10_1_1.jpg,2.8785
deepai_0_11_0_0.jpg,2.9649
deepai_0_11_0_1.jpg,4.4109
deepai_0_11_1_0.jpg,3.3242
deepai_0_11_1_1.jpg,2.3602
deepai_0_12_0_0.jpg,2.4570
deepai_0_12_0_1.jpg,3.2262
deepai_0_12_1_0.jpg,3.6030
deepai_0_12_1_1.jpg,3.3671
deepai_0_13_0_0.jpg,2.2565
deepai_0_13_0_1.jpg,3.0597
deepai_0_13_1_0.jpg,2.0556
deepai_0_13_1_1.jpg,2.0699
deepai_0_14_0_0.jpg,3.0179
deepai_0_14_0_1.jpg,3.7092
deepai_0_14_1_0.jpg,2.7309
deepai_0_14_1_1.jpg,3.4734
deepai_0_2_0_0.jpg,4.0756
deepai_0_2_0_1.jpg,1.9520
deepai_0_2_1_0.jpg,2.6803
deepai_0_2_1_1.jpg,2.5191
deepai_0_3_0_0.jpg,2.8565
deepai_0_3_0_1.jpg,3.3751
deepai_0_3_1_0.jpg,3.3568
deepai_0_3_1_1.jpg,2.9154
deepai_0_4_0_0.jpg,2.9596
deepai_0_4_0_1.jpg,2.4630
deepai_0_4_1_0.jpg,2.3303
deepai_0_4_1_1.jpg,2.9330
deepai_0_5_0_0.jpg,2.5378
deepai_0_5_0_1.jpg,1.9878
deepai_0_5_1_0.jpg,2.8267
deepai_0_5_1_1.jpg,2.1143
deepai_0_6_0_0.jpg,2.8894
deepai_0_6_0_1.jpg,2.4521
deepai_0_6_1_0.jpg,2.8791
deepai_0_6_1_1.jpg,1.6987
deepai_0_7_0_0.jpg,2.7380
deepai_0_7_0_1.jpg,3.0943
deepai_0_7_1_0.jpg,2.9573
deepai_0_7_1_1.jpg,3.0435
deepai_0_8_0_0.jpg,2.6335
deepai_0_8_0_1.jpg,2.9097
deepai_0_8_1_0.jpg,2.4280
deepai_0_8_1_1.jpg,1.6632
deepai_0_9_0_0.jpg,2.9932
deepai_0_9_0_1.jpg,3.9638
deepai_0_9_1_0.jpg,3.2785
deepai_0_9_1_1.jpg,1.8455
deepai_1_0_0_0.jpg,2.5398
deepai_1_0_0_1.jpg,3.8156
deepai_1_0_1_0.jpg,3.2830
deepai_1_0_1_1.jpg,3.9194
deepai_1_1_0_0.jpg,2.7059
deepai_1_1_0_1.jpg,2.0356
deepai_1_1_1_0.jpg,2.4386
deepai_1_1_1_1.jpg,2.7453
deepai_1_10_0_0.jpg,2.0466
deepai_1_10_0_1.jpg,2.8100
deepai_1_10_1_0.jpg,2.9547
deepai_1_10_1_1.jpg,2.3044
deepai_1_11_0_0.jpg,2.5311
deepai_1_11_0_1.jpg,2.6129
deepai_1_11_1_0.jpg,1.9768
deepai_1_11_1_1.jpg,2.1858
deepai_1_12_0_0.jpg,4.0318
deepai_1_12_0_1.jpg,2.9693
deepai_1_12_1_0.jpg,2.9697
deepai_1_12_1_1.jpg,4.1945
deepai_1_13_0_0.jpg,2.6604
deepai_1_13_0_1.jpg,2.5891
deepai_1_13_1_0.jpg,2.7415
deepai_1_13_1_1.jpg,2.7272
deepai_1_14_0_0.jpg,3.0169
deepai_1_14_0_1.jpg,3.0380
deepai_1_14_1_0.jpg,2.2016
deepai_1_14_1_1.jpg,3.9624
deepai_1_2_0_0.jpg,3.1360
deepai_1_2_0_1.jpg,3.2110
deepai_1_2_1_0.jpg,2.9198
deepai_1_2_1_1.jpg,4.1876
deepai_1_3_0_0.jpg,2.3086
deepai_1_3_0_1.jpg,2.7631
deepai_1_3_1_0.jpg,2.7722
deepai_1_3_1_1.jpg,2.8817
deepai_1_4_0_0.jpg,2.9147
deepai_1_4_0_1.jpg,2.6342
deepai_1_4_1_0.jpg,2.8119
deepai_1_4_1_1.jpg,2.4003
deepai_1_5_0_0.jpg,2.7657
deepai_1_5_0_1.jpg,2.7119
deepai_1_5_1_0.jpg,3.0514
deepai_1_5_1_1.jpg,2.3206
deepai_1_6_0_0.jpg,2.7857
deepai_1_6_0_1.jpg,2.9968
deepai_1_6_1_0.jpg,2.9199
deepai_1_6_1_1.jpg,2.2013
deepai_1_7_0_0.jpg,3.5900
deepai_1_7_0_1.jpg,2.8518
deepai_1_7_1_0.jpg,2.7341
deepai_1_7_1_1.jpg,3.7671
deepai_1_8_0_0.jpg,2.7299
deepai_1_8_0_1.jpg,2.2730
deepai_1_8_1_0.jpg,1.0793
deepai_1_8_1_1.jpg,2.5134
deepai_1_9_0_0.jpg,3.7585
deepai_1_9_0_1.jpg,2.9577
deepai_1_9_1_0.jpg,2.2367
deepai_1_9_1_1.jpg,3.3118
deepai_10_0_0_0.jpg,3.0786
deepai_10_0_0_1.jpg,5.0000
deepai_10_0_1_0.jpg,3.0305
deepai_10_0_1_1.jpg,2.3650
deepai_10_1_0_0.jpg,3.3174
deepai_10_1_0_1.jpg,3.1307
deepai_10_1_1_0.jpg,2.8570
deepai_10_1_1_1.jpg,4.7338
deepai_10_10_0_0.jpg,3.2657
deepai_10_10_0_1.jpg,4.0123
deepai_10_10_1_0.jpg,2.6190
deepai_10_10_1_1.jpg,2.9323
deepai_10_11_0_0.jpg,2.6396
deepai_10_11_0_1.jpg,2.9159
deepai_10_11_1_0.jpg,2.4313
deepai_10_11_1_1.jpg,4.0111
deepai_10_12_0_0.jpg,3.0520
deepai_10_12_0_1.jpg,3.0636
deepai_10_12_1_0.jpg,2.6354
deepai_10_12_1_1.jpg,4.8777
deepai_10_13_0_0.jpg,3.2236
deepai_10_13_0_1.jpg,3.2607
deepai_10_13_1_0.jpg,2.2796
deepai_10_13_1_1.jpg,3.8392
deepai_10_14_0_0.jpg,2.7025
deepai_10_14_0_1.jpg,3.5230
deepai_10_14_1_0.jpg,2.9787
deepai_10_14_1_1.jpg,3.5206
deepai_10_2_0_0.jpg,2.6275
deepai_10_2_0_1.jpg,3.3538
deepai_10_2_1_0.jpg,2.8200
deepai_10_2_1_1.jpg,3.2467
deepai_10_3_0_0.jpg,2.9657
deepai_10_3_0_1.jpg,2.2892
deepai_10_3_1_0.jpg,3.0171
deepai_10_3_1_1.jpg,3.9466
deepai_10_4_0_0.jpg,2.2623
deepai_10_4_0_1.jpg,3.0304
deepai_10_4_1_0.jpg,2.9521
deepai_10_4_1_1.jpg,2.5974
deepai_10_5_0_0.jpg,3.0350
deepai_10_5_0_1.jpg,2.5426
deepai_10_5_1_0.jpg,2.6471
deepai_10_5_1_1.jpg,2.2750
deepai_10_6_0_0.jpg,2.9005
deepai_10_6_0_1.jpg,3.0307
deepai_10_6_1_0.jpg,2.5341
deepai_10_6_1_1.jpg,2.7368
deepai_10_7_0_0.jpg,3.2492
deepai_10_7_0_1.jpg,3.2472
deepai_10_7_1_0.jpg,2.6677
deepai_10_7_1_1.jpg,2.8531
deepai_10_8_0_0.jpg,3.9682
deepai_10_8_0_1.jpg,1.9209
deepai_10_8_1_0.jpg,3.2490
deepai_10_8_1_1.jpg,2.7437
deepai_10_9_0_0.jpg,2.8600
deepai_10_9_0_1.jpg,2.8176
deepai_10_9_1_0.jpg,4.0002
deepai_10_9_1_1.jpg,4.6314
deepai_11_0_0_0.jpg,3.0639
deepai_11_0_0_1.jpg,3.9788
deepai_11_0_1_0.jpg,2.3189
deepai_11_0_1_1.jpg,3.4050
deepai_11_1_0_0.jpg,2.8403
deepai_11_1_0_1.jpg,3.1174
deepai_11_1_1_0.jpg,2.9886
deepai_11_1_1_1.jpg,2.7118
deepai_11_10_0_0.jpg,2.7824
deepai_11_10_0_1.jpg,2.9895
deepai_11_10_1_0.jpg,2.3745
deepai_11_10_1_1.jpg,3.1422
deepai_11_11_0_0.jpg,3.0558
deepai_11_11_0_1.jpg,3.4180
deepai_11_11_1_0.jpg,3.3316
deepai_11_11_1_1.jpg,2.5047
deepai_11_12_0_0.jpg,2.5098
deepai_11_12_0_1.jpg,2.2916
deepai_11_12_1_0.jpg,2.6763
deepai_11_12_1_1.jpg,2.9258
deepai_11_13_0_0.jpg,3.1324
deepai_11_13_0_1.jpg,3.9302
deepai_11_13_1_0.jpg,2.3047
deepai_11_13_1_1.jpg,2.9032
deepai_11_14_0_0.jpg,2.3658
deepai_11_14_0_1.jpg,2.9256
deepai_11_14_1_0.jpg,3.2436
deepai_11_14_1_1.jpg,2.8555
deepai_11_2_0_0.jpg,2.7185
deepai_11_2_0_1.jpg,3.3776
deepai_11_2_1_0.jpg,2.7951
deepai_11_2_1_1.jpg,2.8349
deepai_11_3_0_0.jpg,2.8997
deepai_11_3_0_1.jpg,2.7603
deepai_11_3_1_0.jpg,2.7047
deepai_11_3_1_1.jpg,2.3902
deepai_11_4_0_0.jpg,3.3117
deepai_11_4_0_1.jpg,3.0081
deepai_11_4_1_0.jpg,3.2666
deepai_11_4_1_1.jpg,2.7832
deepai_11_5_0_0.jpg,2.5874
deepai_11_5_0_1.jpg,2.7015
deepai_11_5_1_0.jpg,2.5412
deepai_11_5_1_1.jpg,2.8300
deepai_11_6_0_0.jpg,3.3882
deepai_11_6_0_1.jpg,3.2182
deepai_11_6_1_0.jpg,2.6230
deepai_11_6_1_1.jpg,3.3642
deepai_11_7_0_0.jpg,2.8038
deepai_11_7_0_1.jpg,2.5816
deepai_11_7_1_0.jpg,3.2545
deepai_11_7_1_1.jpg,2.6160
deepai_11_8_0_0.jpg,2.2950
deepai_11_8_0_1.jpg,2.2476
deepai_11_8_1_0.jpg,2.6975
deepai_11_8_1_1.jpg,2.3579
deepai_11_9_0_0.jpg,2.0857
deepai_11_9_0_1.jpg,3.2349
deepai_11_9_1_0.jpg,2.5718
deepai_11_9_1_1.jpg,3.6207
deepai_2_0_0_0.jpg,3.1715
deepai_2_0_0_1.jpg,3.5349
deepai_2_0_1_0.jpg,3.1504
deepai_2_0_1_1.jpg,4.5198
deepai_2_1_0_0.jpg,3.0779
deepai_2_1_0_1.jpg,2.9853
deepai_2_1_1_0.jpg,3.3401
deepai_2_1_1_1.jpg,2.4175
deepai_2_10_0_0.jpg,2.7124
deepai_2_10_0_1.jpg,3.5703
deepai_2_10_1_0.jpg,3.6168
deepai_2_10_1_1.jpg,3.3571
deepai_2_11_0_0.jpg,3.2012
deepai_2_11_0_1.jpg,3.1418
deepai_2_11_1_0.jpg,2.0392
deepai_2_11_1_1.jpg,3.3297
deepai_2_12_0_0.jpg,3.3312
deepai_2_12_0_1.jpg,2.8548
deepai_2_12_1_0.jpg,3.2219
deepai_2_12_1_1.jpg,3.3288
deepai_2_13_0_0.jpg,2.2326
deepai_2_13_0_1.jpg,3.0781
deepai_2_13_1_0.jpg,4.3138
deepai_2_13_1_1.jpg,2.7779
deepai_2_14_0_0.jpg,3.9323
deepai_2_14_0_1.jpg,4.0521
deepai_2_14_1_0.jpg,2.5572
deepai_2_14_1_1.jpg,3.1332
deepai_2_2_0_0.jpg,2.6140
deepai_2_2_0_1.jpg,2.6501
deepai_2_2_1_0.jpg,2.4310
deepai_2_2_1_1.jpg,3.2491
deepai_2_3_0_0.jpg,3.1744
deepai_2_3_0_1.jpg,2.1337
deepai_2_3_1_0.jpg,2.3741
deepai_2_3_1_1.jpg,2.8780
deepai_2_4_0_0.jpg,2.9031
deepai_2_4_0_1.jpg,2.8092
deepai_2_4_1_0.jpg,2.7943
deepai_2_4_1_1.jpg,2.2090
deepai_2_5_0_0.jpg,2.4388
deepai_2_5_0_1.jpg,2.5183
deepai_2_5_1_0.jpg,3.0650
deepai_2_5_1_1.jpg,3.3827
deepai_2_6_0_0.jpg,2.7145
deepai_2_6_0_1.jpg,2.9600
deepai_2_6_1_0.jpg,2.5245
deepai_2_6_1_1.jpg,2.7022
deepai_2_7_0_0.jpg,3.0322
deepai_2_7_0_1.jpg,5.0000
deepai_2_7_1_0.jpg,3.9579
deepai_2_7_1_1.jpg,2.6470
deepai_2_8_0_0.jpg,2.4559
deepai_2_8_0_1.jpg,2.7055
deepai_2_8_1_0.jpg,3.9390
deepai_2_8_1_1.jpg,3.9417
deepai_2_9_0_0.jpg,2.7465
deepai_2_9_0_1.jpg,2.6649
deepai_2_9_1_0.jpg,2.8672
deepai_2_9_1_1.jpg,3.1956
deepai_3_0_0_0.jpg,2.9197
deepai_3_0_0_1.jpg,2.8943
deepai_3_0_1_0.jpg,2.8273
deepai_3_0_1_1.jpg,4.1926
deepai_3_1_0_0.jpg,3.4555
deepai_3_1_0_1.jpg,2.5132
deepai_3_1_1_0.jpg,3.3258
deepai_3_1_1_1.jpg,3.6479
deepai_3_10_0_0.jpg,3.1539
deepai_3_10_0_1.jpg,3.6857
deepai_3_10_1_0.jpg,3.1475
deepai_3_10_1_1.jpg,3.4374
deepai_3_11_0_0.jpg,3.1522
deepai_3_11_0_1.jpg,3.6782
deepai_3_11_1_0.jpg,2.7283
deepai_3_11_1_1.jpg,2.3126
deepai_3_12_0_0.jpg,3.2401
deepai_3_12_0_1.jpg,3.5218
deepai_3_12_1_0.jpg,3.1474
deepai_3_12_1_1.jpg,4.4140
deepai_3_13_0_0.jpg,2.8341
deepai_3_13_0_1.jpg,3.6245
deepai_3_13_1_0.jpg,2.7879
deepai_3_13_1_1.jpg,3.4404
deepai_3_14_0_0.jpg,3.4782
deepai_3_14_0_1.jpg,4.0609
deepai_3_14_1_0.jpg,2.3494
deepai_3_14_1_1.jpg,4.3519
deepai_3_2_0_0.jpg,3.4839
deepai_3_2_0_1.jpg,3.4304
deepai_3_2_1_0.jpg,3.4449
deepai_3_2_1_1.jpg,3.2961
deepai_3_3_0_0.jpg,3.2407
deepai_3_3_0_1.jpg,2.7084
deepai_3_3_1_0.jpg,2.4828
deepai_3_3_1_1.jpg,3.1732
deepai_3_4_0_0.jpg,3.1531
deepai_3_4_0_1.jpg,3.1797
deepai_3_4_1_0.jpg,2.6698
deepai_3_4_1_1.jpg,2.9585
deepai_3_5_0_0.jpg,2.9228
deepai_3_5_0_1.jpg,3.3724
deepai_3_5_1_0.jpg,3.6609
deepai_3_5_1_1.jpg,2.7205
deepai_3_6_0_0.jpg,2.4370
deepai_3_6_0_1.jpg,4.7545
deepai_3_6_1_0.jpg,2.4107
deepai_3_6_1_1.jpg,2.6506
deepai_3_7_0_0.jpg,3.4968
deepai_3_7_0_1.jpg,3.6901
deepai_3_7_1_0.jpg,2.9226
deepai_3_7_1_1.jpg,3.3581
deepai_3_8_0_0.jpg,3.9194
deepai_3_8_0_1.jpg,3.3184
deepai_3_8_1_0.jpg,2.5571
deepai_3_8_1_1.jpg,2.8587
deepai_3_9_0_0.jpg,3.0991
deepai_3_9_0_1.jpg,3.4484
deepai_3_9_1_0.jpg,2.4295
deepai_3_9_1_1.jpg,3.1369
deepai_4_0_0_0.jpg,3.2479
deepai_4_0_0_1.jpg,3.6349
deepai_4_0_1_0.jpg,3.1749
deepai_4_0_1_1.jpg,2.3144
deepai_4_1_0_0.jpg,3.0324
deepai_4_1_0_1.jpg,3.6068
deepai_4_1_1_0.jpg,2.9030
deepai_4_1_1_1.jpg,2.7868
deepai_4_10_0_0.jpg,2.9169
deepai_4_10_0_1.jpg,2.2140
deepai_4_10_1_0.jpg,2.5327
deepai_4_10_1_1.jpg,1.9139
deepai_4_11_0_0.jpg,2.8407
deepai_4_11_0_1.jpg,2.8039
deepai_4_11_1_0.jpg,2.8287
deepai_4_11_1_1.jpg,1.9409
deepai_4_12_0_0.jpg,3.3378
deepai_4_12_0_1.jpg,2.5743
deepai_4_12_1_0.jpg,4.1032
deepai_4_12_1_1.jpg,2.3714
deepai_4_13_0_0.jpg,3.3531
deepai_4_13_0_1.jpg,2.6814
deepai_4_13_1_0.jpg,3.1262
deepai_4_13_1_1.jpg,2.0004
deepai_4_14_0_0.jpg,2.5718
deepai_4_14_0_1.jpg,2.9270
deepai_4_14_1_0.jpg,2.7982
deepai_4_14_1_1.jpg,1.6651
deepai_4_2_0_0.jpg,2.8305
deepai_4_2_0_1.jpg,3.0184
deepai_4_2_1_0.jpg,2.4129
deepai_4_2_1_1.jpg,3.1790
deepai_4_3_0_0.jpg,2.7909
deepai_4_3_0_1.jpg,2.4424
deepai_4_3_1_0.jpg,2.7397
deepai_4_3_1_1.jpg,2.8782
deepai_4_4_0_0.jpg,3.0103
deepai_4_4_0_1.jpg,2.4170
deepai_4_4_1_0.jpg,2.8905
deepai_4_4_1_1.jpg,2.1526
deepai_4_5_0_0.jpg,2.6916
deepai_4_5_0_1.jpg,2.6337
deepai_4_5_1_0.jpg,2.1596
deepai_4_5_1_1.jpg,2.5849
deepai_4_6_0_0.jpg,2.9275
deepai_4_6_0_1.jpg,2.3252
deepai_4_6_1_0.jpg,3.2181
deepai_4_6_1_1.jpg,2.4533
deepai_4_7_0_0.jpg,3.0398
deepai_4_7_0_1.jpg,2.1469
deepai_4_7_1_0.jpg,2.7129
deepai_4_7_1_1.jpg,2.4857
deepai_4_8_0_0.jpg,2.3046
deepai_4_8_0_1.jpg,2.1250
deepai_4_8_1_0.jpg,2.7000
deepai_4_8_1_1.jpg,1.5807
deepai_4_9_0_0.jpg,2.9448
deepai_4_9_0_1.jpg,3.0713
deepai_4_9_1_0.jpg,2.0291
deepai_4_9_1_1.jpg,2.7428
deepai_5_0_0_0.jpg,2.8637
deepai_5_0_0_1.jpg,2.6716
deepai_5_0_1_0.jpg,2.3766
deepai_5_0_1_1.jpg,2.4273
deepai_5_1_0_0.jpg,2.8214
deepai_5_1_0_1.jpg,2.9238
deepai_5_1_1_0.jpg,2.0961
deepai_5_1_1_1.jpg,2.2106
deepai_5_10_0_0.jpg,3.0850
deepai_5_10_0_1.jpg,2.7028
deepai_5_10_1_0.jpg,2.6609
deepai_5_10_1_1.jpg,2.9393
deepai_5_11_0_0.jpg,3.3010
deepai_5_11_0_1.jpg,2.0756
deepai_5_11_1_0.jpg,2.7723
deepai_5_11_1_1.jpg,3.0076
deepai_5_12_0_0.jpg,3.1211
deepai_5_12_0_1.jpg,3.4384
deepai_5_12_1_0.jpg,3.6179
deepai_5_12_1_1.jpg,2.4278
deepai_5_13_0_0.jpg,2.8086
deepai_5_13_0_1.jpg,3.2935
deepai_5_13_1_0.jpg,3.8288
deepai_5_13_1_1.jpg,2.3841
deepai_5_14_0_0.jpg,1.9587
deepai_5_14_0_1.jpg,2.4324
deepai_5_14_1_0.jpg,3.4433
deepai_5_14_1_1.jpg,1.4455
deepai_5_2_0_0.jpg,2.8390
deepai_5_2_0_1.jpg,2.5445
deepai_5_2_1_0.jpg,2.9602
deepai_5_2_1_1.jpg,2.1680
deepai_5_3_0_0.jpg,3.0669
deepai_5_3_0_1.jpg,2.1870
deepai_5_3_1_0.jpg,2.6269
deepai_5_3_1_1.jpg,2.9315
deepai_5_4_0_0.jpg,3.4797
deepai_5_4_0_1.jpg,3.2422
deepai_5_4_1_0.jpg,2.9987
deepai_5_4_1_1.jpg,2.6705
deepai_5_5_0_0.jpg,2.7762
deepai_5_5_0_1.jpg,2.3594
deepai_5_5_1_0.jpg,2.7968
deepai_5_5_1_1.jpg,2.6918
deepai_5_6_0_0.jpg,2.2512
deepai_5_6_0_1.jpg,2.2554
deepai_5_6_1_0.jpg,2.1004
deepai_5_6_1_1.jpg,2.2286
deepai_5_7_0_0.jpg,2.4694
deepai_5_7_0_1.jpg,2.5305
deepai_5_7_1_0.jpg,3.2638
deepai_5_7_1_1.jpg,4.0427
deepai_5_8_0_0.jpg,3.5642
deepai_5_8_0_1.jpg,2.6051
deepai_5_8_1_0.jpg,2.7266
deepai_5_8_1_1.jpg,1.9426
deepai_5_9_0_0.jpg,2.6522
deepai_5_9_0_1.jpg,2.7430
deepai_5_9_1_0.jpg,1.9307
deepai_5_9_1_1.jpg,3.0668
deepai_6_0_0_0.jpg,2.6949
deepai_6_0_0_1.jpg,4.3270
deepai_6_0_1_0.jpg,2.6175
deepai_6_0_1_1.jpg,3.7681
deepai_6_1_0_0.jpg,2.6737
deepai_6_1_0_1.jpg,2.5616
deepai_6_1_1_0.jpg,2.7659
deepai_6_1_1_1.jpg,3.3618
deepai_6_10_0_0.jpg,2.8351
deepai_6_10_0_1.jpg,2.9312
deepai_6_10_1_0.jpg,2.3531
deepai_6_10_1_1.jpg,2.9952
deepai_6_11_0_0.jpg,2.7079
deepai_6_11_0_1.jpg,3.8883
deepai_6_11_1_0.jpg,3.3288
deepai_6_11_1_1.jpg,3.3521
deepai_6_12_0_0.jpg,2.8035
deepai_6_12_0_1.jpg,3.3452
deepai_6_12_1_0.jpg,2.6883
deepai_6_12_1_1.jpg,3.4309
deepai_6_13_0_0.jpg,3.4378
deepai_6_13_0_1.jpg,3.1181
deepai_6_13_1_0.jpg,2.9403
deepai_6_13_1_1.jpg,3.3525
deepai_6_14_0_0.jpg,2.8634
deepai_6_14_0_1.jpg,2.8486
deepai_6_14_1_0.jpg,2.0340
deepai_6_14_1_1.jpg,2.6726
deepai_6_2_0_0.jpg,2.9564
deepai_6_2_0_1.jpg,2.2023
deepai_6_2_1_0.jpg,2.6685
deepai_6_2_1_1.jpg,3.0620
deepai_6_3_0_0.jpg,3.2785
deepai_6_3_0_1.jpg,3.1373
deepai_6_3_1_0.jpg,2.9877
deepai_6_3_1_1.jpg,2.9101
deepai_6_4_0_0.jpg,2.9101
deepai_6_4_0_1.jpg,2.9717
deepai_6_4_1_0.jpg,2.6573
deepai_6_4_1_1.jpg,3.4676
deepai_6_5_0_0.jpg,3.4710
deepai_6_5_0_1.jpg,2.9709
deepai_6_5_1_0.jpg,2.6813
deepai_6_5_1_1.jpg,4.2875
deepai_6_6_0_0.jpg,3.2486
deepai_6_6_0_1.jpg,3.6596
deepai_6_6_1_0.jpg,2.8348
deepai_6_6_1_1.jpg,3.3168
deepai_6_7_0_0.jpg,2.5313
deepai_6_7_0_1.jpg,3.0358
deepai_6_7_1_0.jpg,2.6210
deepai_6_7_1_1.jpg,2.1037
deepai_6_8_0_0.jpg,2.1332
deepai_6_8_0_1.jpg,2.6581
deepai_6_8_1_0.jpg,2.9946
deepai_6_8_1_1.jpg,2.1384
deepai_6_9_0_0.jpg,2.9853
deepai_6_9_0_1.jpg,2.9324
deepai_6_9_1_0.jpg,2.7190
deepai_6_9_1_1.jpg,3.0800
deepai_7_0_0_0.jpg,2.9879
deepai_7_0_0_1.jpg,4.7996
deepai_7_0_1_0.jpg,3.2618
deepai_7_0_1_1.jpg,3.0561
deepai_7_1_0_0.jpg,2.3973
deepai_7_1_0_1.jpg,3.4279
deepai_7_1_1_0.jpg,3.2629
deepai_7_1_1_1.jpg,2.8474
deepai_7_10_0_0.jpg,2.4906
deepai_7_10_0_1.jpg,3.6515
deepai_7_10_1_0.jpg,2.6193
deepai_7_10_1_1.jpg,2.6812
deepai_7_11_0_0.jpg,2.9566
deepai_7_11_0_1.jpg,3.3734
deepai_7_11_1_0.jpg,2.1699
deepai_7_11_1_1.jpg,2.6903
deepai_7_12_0_0.jpg,3.2554
deepai_7_12_0_1.jpg,3.0101
deepai_7_12_1_0.jpg,3.6617
deepai_7_12_1_1.jpg,3.1059
deepai_7_13_0_0.jpg,2.6274
deepai_7_13_0_1.jpg,4.6072
deepai_7_13_1_0.jpg,3.1208
deepai_7_13_1_1.jpg,3.1854
deepai_7_14_0_0.jpg,3.0101
deepai_7_14_0_1.jpg,4.2603
deepai_7_14_1_0.jpg,3.5881
deepai_7_14_1_1.jpg,3.3260
deepai_7_2_0_0.jpg,3.2486
deepai_7_2_0_1.jpg,2.5721
deepai_7_2_1_0.jpg,2.4573
deepai_7_2_1_1.jpg,3.3488
deepai_7_3_0_0.jpg,2.6181
deepai_7_3_0_1.jpg,3.1122
deepai_7_3_1_0.jpg,2.3595
deepai_7_3_1_1.jpg,3.7992
deepai_7_4_0_0.jpg,3.2622
deepai_7_4_0_1.jpg,3.1616
deepai_7_4_1_0.jpg,2.8713
deepai_7_4_1_1.jpg,3.0305
deepai_7_5_0_0.jpg,3.0259
deepai_7_5_0_1.jpg,4.0444
deepai_7_5_1_0.jpg,2.5239
deepai_7_5_1_1.jpg,2.4682
deepai_7_6_0_0.jpg,3.2473
deepai_7_6_0_1.jpg,1.8551
deepai_7_6_1_0.jpg,3.1140
deepai_7_6_1_1.jpg,3.3286
deepai_7_7_0_0.jpg,2.8818
deepai_7_7_0_1.jpg,3.2055
deepai_7_7_1_0.jpg,3.0549
deepai_7_7_1_1.jpg,2.7754
deepai_7_8_0_0.jpg,1.6416
deepai_7_8_0_1.jpg,2.0001
deepai_7_8_1_0.jpg,2.1439
deepai_7_8_1_1.jpg,2.8004
deepai_7_9_0_0.jpg,3.3065
deepai_7_9_0_1.jpg,3.1070
deepai_7_9_1_0.jpg,3.1193
deepai_7_9_1_1.jpg,3.8984
deepai_8_0_0_0.jpg,2.9884
deepai_8_0_0_1.jpg,3.7476
deepai_8_0_1_0.jpg,2.3293
deepai_8_0_1_1.jpg,3.9868
deepai_8_1_0_0.jpg,3.0118
deepai_8_1_0_1.jpg,3.8742
deepai_8_1_1_0.jpg,2.6344
deepai_8_1_1_1.jpg,2.9199
deepai_8_10_0_0.jpg,2.5224
deepai_8_10_0_1.jpg,3.3148
deepai_8_10_1_0.jpg,2.5515
deepai_8_10_1_1.jpg,2.8178
deepai_8_11_0_0.jpg,2.3447
deepai_8_11_0_1.jpg,3.0838
deepai_8_11_1_0.jpg,2.4583
deepai_8_11_1_1.jpg,2.9776
deepai_8_12_0_0.jpg,2.8606
deepai_8_12_0_1.jpg,3.2491
deepai_8_12_1_0.jpg,2.9812
deepai_8_12_1_1.jpg,3.3638
deepai_8_13_0_0.jpg,2.3892
deepai_8_13_0_1.jpg,2.5873
deepai_8_13_1_0.jpg,2.9425
deepai_8_13_1_1.jpg,3.7561
deepai_8_14_0_0.jpg,3.1840
deepai_8_14_0_1.jpg,3.3271
deepai_8_14_1_0.jpg,2.5769
deepai_8_14_1_1.jpg,3.2214
deepai_8_2_0_0.jpg,2.7670
deepai_8_2_0_1.jpg,2.8103
deepai_8_2_1_0.jpg,2.6100
deepai_8_2_1_1.jpg,2.6559
deepai_8_3_0_0.jpg,3.1001
deepai_8_3_0_1.jpg,1.9245
deepai_8_3_1_0.jpg,2.8645
deepai_8_3_1_1.jpg,2.7342
deepai_8_4_0_0.jpg,3.6523
deepai_8_4_0_1.jpg,2.5972
deepai_8_4_1_0.jpg,3.2229
deepai_8_4_1_1.jpg,2.6081
deepai_8_5_0_0.jpg,3.1220
deepai_8_5_0_1.jpg,3.0887
deepai_8_5_1_0.jpg,2.4471
deepai_8_5_1_1.jpg,3.2971
deepai_8_6_0_0.jpg,2.8407
deepai_8_6_0_1.jpg,2.3514
deepai_8_6_1_0.jpg,3.1192
deepai_8_6_1_1.jpg,2.8465
deepai_8_7_0_0.jpg,2.6024
deepai_8_7_0_1.jpg,3.3826
deepai_8_7_1_0.jpg,2.5913
deepai_8_7_1_1.jpg,2.5236
deepai_8_8_0_0.jpg,2.3103
deepai_8_8_0_1.jpg,2.4087
deepai_8_8_1_0.jpg,2.3068
deepai_8_8_1_1.jpg,3.3690
deepai_8_9_0_0.jpg,2.4081
deepai_8_9_0_1.jpg,2.0926
deepai_8_9_1_0.jpg,3.3545
deepai_8_9_1_1.jpg,3.1240
deepai_9_0_0_0.jpg,3.3624
deepai_9_0_0_1.jpg,4.0744
deepai_9_0_1_0.jpg,3.0020
deepai_9_0_1_1.jpg,4.4221
deepai_9_1_0_0.jpg,3.0722
deepai_9_1_0_1.jpg,2.8787
deepai_9_1_1_0.jpg,3.0610
deepai_9_1_1_1.jpg,3.8421
deepai_9_10_0_0.jpg,3.5159
deepai_9_10_0_1.jpg,3.8294
deepai_9_10_1_0.jpg,2.5757
deepai_9_10_1_1.jpg,2.9794
deepai_9_11_0_0.jpg,2.8913
deepai_9_11_0_1.jpg,2.5896
deepai_9_11_1_0.jpg,2.5972
deepai_9_11_1_1.jpg,3.2208
deepai_9_12_0_0.jpg,2.9410
deepai_9_12_0_1.jpg,3.2998
deepai_9_12_1_0.jpg,2.8171
deepai_9_12_1_1.jpg,1.9383
deepai_9_13_0_0.jpg,2.3923
deepai_9_13_0_1.jpg,3.3041
deepai_9_13_1_0.jpg,2.2624
deepai_9_13_1_1.jpg,2.6630
deepai_9_14_0_0.jpg,2.7612
deepai_9_14_0_1.jpg,3.6466
deepai_9_14_1_0.jpg,2.3089
deepai_9_14_1_1.jpg,3.8470
deepai_9_2_0_0.jpg,2.9035
deepai_9_2_0_1.jpg,3.0664
deepai_9_2_1_0.jpg,3.1279
deepai_9_2_1_1.jpg,3.4685
deepai_9_3_0_0.jpg,3.0315
deepai_9_3_0_1.jpg,3.0399
deepai_9_3_1_0.jpg,2.5681
deepai_9_3_1_1.jpg,2.4141
deepai_9_4_0_0.jpg,2.1533
deepai_9_4_0_1.jpg,2.4654
deepai_9_4_1_0.jpg,2.9335
deepai_9_4_1_1.jpg,2.4091
deepai_9_5_0_0.jpg,3.0938
deepai_9_5_0_1.jpg,2.3372
deepai_9_5_1_0.jpg,2.8241
deepai_9_5_1_1.jpg,2.8669
deepai_9_6_0_0.jpg,3.1872
deepai_9_6_0_1.jpg,3.1210
deepai_9_6_1_0.jpg,2.7459
deepai_9_6_1_1.jpg,3.1344
deepai_9_7_0_0.jpg,2.5938
deepai_9_7_0_1.jpg,3.3211
deepai_9_7_1_0.jpg,2.4318
deepai_9_7_1_1.jpg,2.5814
deepai_9_8_0_0.jpg,2.6312
deepai_9_8_0_1.jpg,2.6214
deepai_9_8_1_0.jpg,2.6449
deepai_9_8_1_1.jpg,2.2050
deepai_9_9_0_0.jpg,3.2278
deepai_9_9_0_1.jpg,2.8529
deepai_9_9_1_0.jpg,1.9236
deepai_9_9_1_1.jpg,3.3500
dreamStudio_0_0_0_0.jpg,2.1342
dreamStudio_0_0_0_1.jpg,3.1164
dreamStudio_0_0_1_0.jpg,1.9295
dreamStudio_0_0_1_1.jpg,2.3129
dreamStudio_0_1_0_0.jpg,2.1138
dreamStudio_0_1_0_1.jpg,1.9125
dreamStudio_0_1_1_0.jpg,1.5149
dreamStudio_0_1_1_1.jpg,1.8069
dreamStudio_0_2_0_0.jpg,1.3983
dreamStudio_0_2_0_1.jpg,1.9684
dreamStudio_0_2_1_0.jpg,1.6691
dreamStudio_0_2_1_1.jpg,1.6088
dreamStudio_0_3_0_0.jpg,2.0484
dreamStudio_0_3_0_1.jpg,0.9664
dreamStudio_0_3_1_0.jpg,0.2444
dreamStudio_0_3_1_1.jpg,2.3536
dreamStudio_0_4_0_0.jpg,0.3827
dreamStudio_0_4_0_1.jpg,2.3303
dreamStudio_0_4_1_0.jpg,1.6921
dreamStudio_0_4_1_1.jpg,1.4549
dreamStudio_0_5_0_0.jpg,1.1021
dreamStudio_0_5_0_1.jpg,1.4261
dreamStudio_0_5_1_0.jpg,1.1634
dreamStudio_0_5_1_1.jpg,1.6792
dreamStudio_0_6_0_0.jpg,0.8954
dreamStudio_0_6_0_1.jpg,0.4951
dreamStudio_0_6_1_0.jpg,1.3728
dreamStudio_0_6_1_1.jpg,2.1117
dreamStudio_0_7_0_0.jpg,1.5750
dreamStudio_0_7_0_1.jpg,1.2791
dreamStudio_0_7_1_0.jpg,2.0796
dreamStudio_0_7_1_1.jpg,2.0628
dreamStudio_0_8_0_0.jpg,1.3900
dreamStudio_0_8_0_1.jpg,1.5384
dreamStudio_0_8_1_0.jpg,1.7934
dreamStudio_0_8_1_1.jpg,3.0561
dreamStudio_0_9_0_0.jpg,1.7445
dreamStudio_0_9_0_1.jpg,1.7436
dreamStudio_0_9_1_0.jpg,2.2177
dreamStudio_0_9_1_1.jpg,1.9019
dreamStudio_1_0_0_0.jpg,2.0423
dreamStudio_1_0_0_1.jpg,2.4113
dreamStudio_1_0_1_0.jpg,2.2856
dreamStudio_1_0_1_1.jpg,1.5162
dreamStudio_1_1_0_0.jpg,1.9720
dreamStudio_1_1_0_1.jpg,2.1752
dreamStudio_1_1_1_0.jpg,1.0705
dreamStudio_1_1_1_1.jpg,1.9488
dreamStudio_1_2_0_0.jpg,1.6007
dreamStudio_1_2_0_1.jpg,1.3716
dreamStudio_1_2_1_0.jpg,1.1622
dreamStudio_1_2_1_1.jpg,1.8936
dreamStudio_1_3_0_0.jpg,1.8955
dreamStudio_1_3_0_1.jpg,2.0447
dreamStudio_1_3_1_0.jpg,1.1391
dreamStudio_1_3_1_1.jpg,1.5903
dreamStudio_1_4_0_0.jpg,1.1441
dreamStudio_1_4_0_1.jpg,1.8577
dreamStudio_1_4_1_0.jpg,1.5482
dreamStudio_1_4_1_1.jpg,2.0733
dreamStudio_1_5_0_0.jpg,1.1159
dreamStudio_1_5_0_1.jpg,0.7628
dreamStudio_1_5_1_0.jpg,1.2878
dreamStudio_1_5_1_1.jpg,3.4125
dreamStudio_1_6_0_0.jpg,1.2385
dreamStudio_1_6_0_1.jpg,1.4295
dreamStudio_1_6_1_0.jpg,1.5728
dreamStudio_1_6_1_1.jpg,1.8307
dreamStudio_1_7_0_0.jpg,1.2693
dreamStudio_1_7_0_1.jpg,1.8635
dreamStudio_1_7_1_0.jpg,1.9749
dreamStudio_1_7_1_1.jpg,2.1043
dreamStudio_1_8_0_0.jpg,2.0078
dreamStudio_1_8_0_1.jpg,2.1231
dreamStudio_1_8_1_0.jpg,3.1626
dreamStudio_1_8_1_1.jpg,1.6796
dreamStudio_1_9_0_0.jpg,1.3730
dreamStudio_1_9_0_1.jpg,1.9690
dreamStudio_1_9_1_0.jpg,1.8309
dreamStudio_1_9_1_1.jpg,2.2870
dreamStudio_2_0_0_0.jpg,2.3610
dreamStudio_2_0_0_1.jpg,1.4800
dreamStudio_2_0_1_0.jpg,0.6483
dreamStudio_2_0_1_1.jpg,1.5114
dreamStudio_2_1_0_0.jpg,1.2710
dreamStudio_2_1_0_1.jpg,1.8566
dreamStudio_2_1_1_0.jpg,1.6985
dreamStudio_2_1_1_1.jpg,1.8065
dreamStudio_2_2_0_0.jpg,1.5608
dreamStudio_2_2_0_1.jpg,0.0000
dreamStudio_2_2_1_0.jpg,1.6722
dreamStudio_2_2_1_1.jpg,1.6198
dreamStudio_2_3_0_0.jpg,1.5014
dreamStudio_2_3_0_1.jpg,1.1928
dreamStudio_2_3_1_0.jpg,1.3318
dreamStudio_2_3_1_1.jpg,1.9327
dreamStudio_2_4_0_0.jpg,1.9714
dreamStudio_2_4_0_1.jpg,1.5367
dreamStudio_2_4_1_0.jpg,0.7088
dreamStudio_2_4_1_1.jpg,1.5083
dreamStudio_2_5_0_0.jpg,1.4698
dreamStudio_2_5_0_1.jpg,2.0954
dreamStudio_2_5_1_0.jpg,0.0000
dreamStudio_2_5_1_1.jpg,2.3334
dreamStudio_2_6_0_0.jpg,0.6213
dreamStudio_2_6_0_1.jpg,1.8619
dreamStudio_2_6_1_0.jpg,0.4939
dreamStudio_2_6_1_1.jpg,2.1932
dreamStudio_2_7_0_0.jpg,2.5306
dreamStudio_2_7_0_1.jpg,2.7237
dreamStudio_2_7_1_0.jpg,1.8072
dreamStudio_2_7_1_1.jpg,1.8005
dreamStudio_2_8_0_0.jpg,1.5312
dreamStudio_2_8_0_1.jpg,2.7911
dreamStudio_2_8_1_0.jpg,1.7649
dreamStudio_2_8_1_1.jpg,2.0843
dreamStudio_2_9_0_0.jpg,1.9747
dreamStudio_2_9_0_1.jpg,2.1408
dreamStudio_2_9_1_0.jpg,1.4060
dreamStudio_2_9_1_1.jpg,2.4229
dreamStudio_3_0_0_0.jpg,3.2716
dreamStudio_3_0_0_1.jpg,2.2007
dreamStudio_3_0_1_0.jpg,1.7234
dreamStudio_3_0_1_1.jpg,2.4315
dreamStudio_3_1_0_0.jpg,1.4513
dreamStudio_3_1_0_1.jpg,1.7395
dreamStudio_3_1_1_0.jpg,0.0000
dreamStudio_3_1_1_1.jpg,2.1124
dreamStudio_3_2_0_0.jpg,2.0494
dreamStudio_3_2_0_1.jpg,1.2820
dreamStudio_3_2_1_0.jpg,2.0102
dreamStudio_3_2_1_1.jpg,2.2266
dreamStudio_3_3_0_0.jpg,2.1643
dreamStudio_3_3_0_1.jpg,2.0750
dreamStudio_3_3_1_0.jpg,2.3956
dreamStudio_3_3_1_1.jpg,1.3343
dreamStudio_3_4_0_0.jpg,1.4539
dreamStudio_3_4_0_1.jpg,3.3225
dreamStudio_3_4_1_0.jpg,2.0884
dreamStudio_3_4_1_1.jpg,1.3683
dreamStudio_3_5_0_0.jpg,2.0332
dreamStudio_3_5_0_1.jpg,3.2586
dreamStudio_3_5_1_0.jpg,1.7185
dreamStudio_3_5_1_1.jpg,0.0000
dreamStudio_3_6_0_0.jpg,1.6756
dreamStudio_3_6_0_1.jpg,1.2367
dreamStudio_3_6_1_0.jpg,1.8383
dreamStudio_3_6_1_1.jpg,1.8641
dreamStudio_3_7_0_0.jpg,2.3148
dreamStudio_3_7_0_1.jpg,1.4182
dreamStudio_3_7_1_0.jpg,1.9503
dreamStudio_3_7_1_1.jpg,2.2944
dreamStudio_3_8_0_0.jpg,2.3241
dreamStudio_3_8_0_1.jpg,1.4697
dreamStudio_3_8_1_0.jpg,1.3457
dreamStudio_3_8_1_1.jpg,1.8837
dreamStudio_3_9_0_0.jpg,2.3898
dreamStudio_3_9_0_1.jpg,2.9170
dreamStudio_3_9_1_0.jpg,2.0248
dreamStudio_3_9_1_1.jpg,2.0120
dreamStudio_4_0_0_0.jpg,2.4345
dreamStudio_4_0_0_1.jpg,2.8074
dreamStudio_4_0_1_0.jpg,2.3301
dreamStudio_4_0_1_1.jpg,1.9712
dreamStudio_4_1_0_0.jpg,1.7288
dreamStudio_4_1_0_1.jpg,2.1619
dreamStudio_4_1_1_0.jpg,1.7445
dreamStudio_4_1_1_1.jpg,1.3697
dreamStudio_4_2_0_0.jpg,2.1339
dreamStudio_4_2_0_1.jpg,1.6375
dreamStudio_4_2_1_0.jpg,0.0085
dreamStudio_4_2_1_1.jpg,1.1272
dreamStudio_4_3_0_0.jpg,1.3803
dreamStudio_4_3_0_1.jpg,1.4389
dreamStudio_4_3_1_0.jpg,1.2439
dreamStudio_4_3_1_1.jpg,1.5363
dreamStudio_4_4_0_0.jpg,1.8740
dreamStudio_4_4_0_1.jpg,0.2121
dreamStudio_4_4_1_0.jpg,0.3571
dreamStudio_4_4_1_1.jpg,0.2256
dreamStudio_4_5_0_0.jpg,1.0091
dreamStudio_4_5_0_1.jpg,0.5429
dreamStudio_4_5_1_0.jpg,1.3755
dreamStudio_4_5_1_1.jpg,0.6059
dreamStudio_4_6_0_0.jpg,0.4767
dreamStudio_4_6_0_1.jpg,0.9675
dreamStudio_4_6_1_0.jpg,1.0048
dreamStudio_4_6_1_1.jpg,0.7748
dreamStudio_4_7_0_0.jpg,0.3490
dreamStudio_4_7_0_1.jpg,1.2663
dreamStudio_4_7_1_0.jpg,2.3723
dreamStudio_4_7_1_1.jpg,1.7432
dreamStudio_4_8_0_0.jpg,2.1158
dreamStudio_4_8_0_1.jpg,0.6604
dreamStudio_4_8_1_0.jpg,2.0891
dreamStudio_4_8_1_1.jpg,2.0067
dreamStudio_4_9_0_0.jpg,0.0000
dreamStudio_4_9_0_1.jpg,2.3337
dreamStudio_4_9_1_0.jpg,0.4379
dreamStudio_4_9_1_1.jpg,0.9848
dreamStudio_5_0_0_0.jpg,1.8728
dreamStudio_5_0_0_1.jpg,1.9528
dreamStudio_5_0_1_0.jpg,2.3177
dreamStudio_5_0_1_1.jpg,1.8713
dreamStudio_5_1_0_0.jpg,2.1242
dreamStudio_5_1_0_1.jpg,2.1235
dreamStudio_5_1_1_0.jpg,1.2504
dreamStudio_5_1_1_1.jpg,2.3798
dreamStudio_5_2_0_0.jpg,1.9679
dreamStudio_5_2_0_1.jpg,0.6797
dreamStudio_5_2_1_0.jpg,1.6575
dreamStudio_5_2_1_1.jpg,2.1223
dreamStudio_5_3_0_0.jpg,0.6662
dreamStudio_5_3_0_1.jpg,2.0430
dreamStudio_5_3_1_0.jpg,2.1939
dreamStudio_5_3_1_1.jpg,1.3282
dreamStudio_5_4_0_0.jpg,1.8047
dreamStudio_5_4_0_1.jpg,1.7407
dreamStudio_5_4_1_0.jpg,1.8752
dreamStudio_5_4_1_1.jpg,1.9091
dreamStudio_5_5_0_0.jpg,1.2959
dreamStudio_5_5_0_1.jpg,1.3616
dreamStudio_5_5_1_0.jpg,1.6546
dreamStudio_5_5_1_1.jpg,1.5789
dreamStudio_5_6_0_0.jpg,1.6269
dreamStudio_5_6_0_1.jpg,1.6444
dreamStudio_5_6_1_0.jpg,1.6987
dreamStudio_5_6_1_1.jpg,1.6605
dreamStudio_5_7_0_0.jpg,2.5523
dreamStudio_5_7_0_1.jpg,2.4633
dreamStudio_5_7_1_0.jpg,1.7030
dreamStudio_5_7_1_1.jpg,1.4109
dreamStudio_5_8_0_0.jpg,2.2340
dreamStudio_5_8_0_1.jpg,1.9928
dreamStudio_5_8_1_0.jpg,1.7241
dreamStudio_5_8_1_1.jpg,1.9568
dreamStudio_5_9_0_0.jpg,2.0357
dreamStudio_5_9_0_1.jpg,2.0445
dreamStudio_5_9_1_0.jpg,1.6391
dreamStudio_5_9_1_1.jpg,0.4082
dreamStudio_6_0_0_0.jpg,2.6827
dreamStudio_6_0_0_1.jpg,2.7643
dreamStudio_6_0_1_0.jpg,0.6892
dreamStudio_6_0_1_1.jpg,1.6964
dreamStudio_6_1_0_0.jpg,1.9977
dreamStudio_6_1_0_1.jpg,1.5024
dreamStudio_6_1_1_0.jpg,2.0387
dreamStudio_6_1_1_1.jpg,1.9037
dreamStudio_6_2_0_0.jpg,2.7066
dreamStudio_6_2_0_1.jpg,1.6093
dreamStudio_6_2_1_0.jpg,0.3404
dreamStudio_6_2_1_1.jpg,1.1941
dreamStudio_6_3_0_0.jpg,1.4702
dreamStudio_6_3_0_1.jpg,1.6792
dreamStudio_6_3_1_0.jpg,2.4101
dreamStudio_6_3_1_1.jpg,0.0230
dreamStudio_6_4_0_0.jpg,2.3376
dreamStudio_6_4_0_1.jpg,0.0000
dreamStudio_6_4_1_0.jpg,1.6302
dreamStudio_6_4_1_1.jpg,0.3282
dreamStudio_6_5_0_0.jpg,2.0025
dreamStudio_6_5_0_1.jpg,1.2618
dreamStudio_6_5_1_0.jpg,2.0129
dreamStudio_6_5_1_1.jpg,1.4322
dreamStudio_6_6_0_0.jpg,0.3911
dreamStudio_6_6_0_1.jpg,1.2490
dreamStudio_6_6_1_0.jpg,0.1270
dreamStudio_6_6_1_1.jpg,1.4905
dreamStudio_6_7_0_0.jpg,0.8209
dreamStudio_6_7_0_1.jpg,2.1437
dreamStudio_6_7_1_0.jpg,1.8391
dreamStudio_6_7_1_1.jpg,1.8107
dreamStudio_6_8_0_0.jpg,2.2363
dreamStudio_6_8_0_1.jpg,2.8655
dreamStudio_6_8_1_0.jpg,1.4799
dreamStudio_6_8_1_1.jpg,3.0692
dreamStudio_6_9_0_0.jpg,0.0000
dreamStudio_6_9_0_1.jpg,1.9651
dreamStudio_6_9_1_0.jpg,2.8044
dreamStudio_6_9_1_1.jpg,1.8038
dreamStudio_7_0_0_0.jpg,0.1067
dreamStudio_7_0_0_1.jpg,2.2936
dreamStudio_7_0_1_0.jpg,0.3068
dreamStudio_7_0_1_1.jpg,1.1598
dreamStudio_7_1_0_0.jpg,2.0521
dreamStudio_7_1_0_1.jpg,2.4820
dreamStudio_7_1_1_0.jpg,2.2777
dreamStudio_7_1_1_1.jpg,1.0253
dreamStudio_7_2_0_0.jpg,2.0657
dreamStudio_7_2_0_1.jpg,1.8175
dreamStudio_7_2_1_0.jpg,2.6939
dreamStudio_7_2_1_1.jpg,2.0231
dreamStudio_7_3_0_0.jpg,1.5729
dreamStudio_7_3_0_1.jpg,2.1131
dreamStudio_7_3_1_0.jpg,2.1641
dreamStudio_7_3_1_1.jpg,2.0666
dreamStudio_7_4_0_0.jpg,1.8211
dreamStudio_7_4_0_1.jpg,0.7779
dreamStudio_7_4_1_0.jpg,0.9963
dreamStudio_7_4_1_1.jpg,1.2171
dreamStudio_7_5_0_0.jpg,1.5479
dreamStudio_7_5_0_1.jpg,0.3925
dreamStudio_7_5_1_0.jpg,1.4221
dreamStudio_7_5_1_1.jpg,2.0333
dreamStudio_7_6_0_0.jpg,2.6585
dreamStudio_7_6_0_1.jpg,2.1006
dreamStudio_7_6_1_0.jpg,0.6541
dreamStudio_7_6_1_1.jpg,1.1906
dreamStudio_7_7_0_0.jpg,1.6310
dreamStudio_7_7_0_1.jpg,2.0913
dreamStudio_7_7_1_0.jpg,2.0868
dreamStudio_7_7_1_1.jpg,1.9690
dreamStudio_7_8_0_0.jpg,2.2445
dreamStudio_7_8_0_1.jpg,2.1946
dreamStudio_7_8_1_0.jpg,2.3139
dreamStudio_7_8_1_1.jpg,2.5116
dreamStudio_7_9_0_0.jpg,2.4617
dreamStudio_7_9_0_1.jpg,0.0653
dreamStudio_7_9_1_0.jpg,0.5231
dreamStudio_7_9_1_1.jpg,2.1513
dreamStudio_8_0_0_0.jpg,1.9583
dreamStudio_8_0_0_1.jpg,2.1671
dreamStudio_8_0_1_0.jpg,2.0667
dreamStudio_8_0_1_1.jpg,2.2902
dreamStudio_8_1_0_0.jpg,2.0002
dreamStudio_8_1_0_1.jpg,1.3653
dreamStudio_8_1_1_0.jpg,0.9118
dreamStudio_8_1_1_1.jpg,0.6921
dreamStudio_8_2_0_0.jpg,1.6851
dreamStudio_8_2_0_1.jpg,1.5588
dreamStudio_8_2_1_0.jpg,1.2458
dreamStudio_8_2_1_1.jpg,0.6008
dreamStudio_8_3_0_0.jpg,0.0475
dreamStudio_8_3_0_1.jpg,0.6161
dreamStudio_8_3_1_0.jpg,1.7149
dreamStudio_8_3_1_1.jpg,1.4574
dreamStudio_8_4_0_0.jpg,1.6520
dreamStudio_8_4_0_1.jpg,1.9933
dreamStudio_8_4_1_0.jpg,1.0146
dreamStudio_8_4_1_1.jpg,1.7202
dreamStudio_8_5_0_1.jpg,1.7949
dreamStudio_8_5_1_0.jpg,0.4798
dreamStudio_8_5_1_1.jpg,1.0080
dreamStudio_8_6_0_0.jpg,1.5194
dreamStudio_8_6_0_1.jpg,0.9632
dreamStudio_8_6_1_0.jpg,1.6804
dreamStudio_8_6_1_1.jpg,0.5481
dreamStudio_8_7_0_0.jpg,1.7831
dreamStudio_8_7_0_1.jpg,2.2535
dreamStudio_8_7_1_0.jpg,0.2300
dreamStudio_8_7_1_1.jpg,2.2084
dreamStudio_8_8_0_0.jpg,1.9143
dreamStudio_8_8_0_1.jpg,1.0239
dreamStudio_8_8_1_0.jpg,2.3207
dreamStudio_8_8_1_1.jpg,1.7484
dreamStudio_8_9_0_0.jpg,1.4402
dreamStudio_8_9_0_1.jpg,0.0168
dreamStudio_8_9_1_0.jpg,0.6082
dreamStudio_8_9_1_1.jpg,0.4414
dreamStudio_8_9_1_1.jpg,2.0841
