images,MOS
deepai_6_0_0_0.jpg,2.6949
deepai_3_14_0_1.jpg,4.0609
deepai_11_12_0_0.jpg,2.5098
deepai_1_4_0_0.jpg,2.9147
deepai_7_8_0_0.jpg,1.6416
dreamStudio_0_5_0_1.jpg,1.4261
deepai_6_5_1_0.jpg,2.6813
deepai_9_14_0_1.jpg,3.6466
deepai_8_14_0_1.jpg,3.3271
deepai_9_3_1_0.jpg,2.5681
deepai_9_4_1_0.jpg,2.9335
deepai_5_0_1_1.jpg,2.4273
dreamStudio_0_2_0_0.jpg,1.3983
deepai_7_11_1_1.jpg,2.6903
dreamStudio_3_8_0_1.jpg,1.4697
dreamStudio_2_0_0_0.jpg,2.361
deepai_1_10_1_0.jpg,2.9547
deepai_11_1_1_1.jpg,2.7118
dreamStudio_5_0_1_0.jpg,2.3177
deepai_7_1_0_1.jpg,3.4279
deepai_1_9_1_1.jpg,3.3118
dreamStudio_4_0_0_1.jpg,2.8074
dreamStudio_0_6_1_0.jpg,1.3728
deepai_5_8_1_1.jpg,1.9426
dreamStudio_8_2_1_0.jpg,1.2458
deepai_9_1_1_0.jpg,3.061
dreamStudio_7_1_0_1.jpg,2.482
deepai_9_5_0_0.jpg,3.0938
deepai_5_9_1_0.jpg,1.9307
deepai_8_1_1_1.jpg,2.9199
dreamStudio_6_5_1_0.jpg,2.0129
dreamStudio_6_8_0_1.jpg,2.8655
deepai_10_5_0_1.jpg,2.5426
deepai_5_14_0_0.jpg,1.9587
deepai_8_12_0_1.jpg,3.2491
deepai_7_12_1_0.jpg,3.6617
deepai_3_0_0_0.jpg,2.9197
dreamStudio_7_9_1_0.jpg,0.5231
deepai_2_9_0_1.jpg,2.6649
deepai_5_0_0_1.jpg,2.6716
deepai_8_11_0_0.jpg,2.3447
deepai_10_12_0_1.jpg,3.0636
dreamStudio_2_7_1_0.jpg,1.8072
deepai_4_14_1_0.jpg,2.7982
dreamStudio_7_3_1_0.jpg,2.1641
deepai_5_12_0_0.jpg,3.1211
deepai_4_10_0_0.jpg,2.9169
deepai_4_1_1_0.jpg,2.903
deepai_5_12_1_0.jpg,3.6179
dreamStudio_4_4_1_0.jpg,0.3571
deepai_10_5_0_0.jpg,3.035
dreamStudio_6_0_0_1.jpg,2.7643
dreamStudio_2_3_1_0.jpg,1.3318
deepai_8_4_1_0.jpg,3.2229
dreamStudio_7_6_0_0.jpg,2.6585
deepai_10_8_0_1.jpg,1.9209
dreamStudio_0_9_1_1.jpg,1.9019
dreamStudio_8_9_1_1.jpg,2.0841
dreamStudio_6_9_1_0.jpg,2.8044
dreamStudio_2_8_1_0.jpg,1.7649
deepai_0_2_0_0.jpg,4.0756
deepai_2_14_1_0.jpg,2.5572
deepai_5_8_0_0.jpg,3.5642
deepai_5_10_0_0.jpg,3.085
deepai_5_10_0_1.jpg,2.7028
dreamStudio_4_2_1_1.jpg,1.1272
deepai_7_14_0_1.jpg,4.2603
dreamStudio_8_1_1_0.jpg,0.9118
dreamStudio_8_6_1_0.jpg,1.6804
deepai_6_6_0_1.jpg,3.6596
dreamStudio_0_7_0_1.jpg,1.2791
deepai_2_4_0_0.jpg,2.9031
deepai_10_2_1_0.jpg,2.82
deepai_11_8_0_0.jpg,2.295
deepai_4_0_1_0.jpg,3.1749
deepai_5_3_1_1.jpg,2.9315
dreamStudio_2_0_1_0.jpg,0.6483
deepai_2_0_0_0.jpg,3.1715
dreamStudio_6_7_1_0.jpg,1.8391
deepai_1_4_1_1.jpg,2.4003
deepai_5_6_1_0.jpg,2.1004
deepai_2_6_0_0.jpg,2.7145
dreamStudio_4_3_1_0.jpg,1.2439
deepai_7_8_1_0.jpg,2.1439
dreamStudio_8_5_0_1.jpg,1.7949
deepai_0_0_0_0.jpg,2.7934
dreamStudio_6_1_0_1.jpg,1.5024
deepai_5_4_0_1.jpg,3.2422
dreamStudio_8_4_0_0.jpg,1.652
deepai_10_10_0_0.jpg,3.2657
deepai_9_4_1_1.jpg,2.4091
deepai_3_6_1_0.jpg,2.4107
deepai_11_0_1_1.jpg,3.405
deepai_10_8_1_0.jpg,3.249
deepai_5_4_1_1.jpg,2.6705
deepai_1_6_1_1.jpg,2.2013
deepai_6_14_0_0.jpg,2.8634
deepai_1_12_1_0.jpg,2.9697
dreamStudio_7_4_1_0.jpg,0.9963
deepai_5_14_1_1.jpg,1.4455
dreamStudio_3_7_1_0.jpg,1.9503
deepai_1_8_1_1.jpg,2.5134
dreamStudio_7_0_1_0.jpg,0.3068
deepai_1_1_1_1.jpg,2.7453
deepai_11_7_1_1.jpg,2.616
dreamStudio_8_7_1_1.jpg,2.2084
dreamStudio_0_3_0_0.jpg,2.0484
deepai_5_2_1_0.jpg,2.9602
dreamStudio_5_5_1_1.jpg,1.5789
deepai_4_9_1_0.jpg,2.0291
dreamStudio_0_0_1_1.jpg,2.3129
deepai_10_7_1_0.jpg,2.6677
dreamStudio_0_9_0_1.jpg,1.7436
deepai_6_5_1_1.jpg,4.2875
deepai_0_13_0_0.jpg,2.2565
deepai_6_4_1_0.jpg,2.6573
deepai_0_6_0_0.jpg,2.8894
deepai_3_10_1_0.jpg,3.1475
deepai_1_2_0_1.jpg,3.211
deepai_9_14_0_0.jpg,2.7612
dreamStudio_6_4_1_0.jpg,1.6302
dreamStudio_1_9_1_0.jpg,1.8309
deepai_11_3_1_1.jpg,2.3902
deepai_3_11_0_1.jpg,3.6782
deepai_2_12_1_0.jpg,3.2219
deepai_10_5_1_1.jpg,2.275
dreamStudio_6_8_1_0.jpg,1.4799
deepai_11_8_1_0.jpg,2.6975
deepai_9_6_1_0.jpg,2.7459
deepai_4_3_0_1.jpg,2.4424
dreamStudio_7_9_0_0.jpg,2.4617
dreamStudio_0_2_1_1.jpg,1.6088
deepai_1_3_1_0.jpg,2.7722
deepai_6_7_1_0.jpg,2.621
dreamStudio_7_4_0_1.jpg,0.7779
deepai_6_2_1_1.jpg,3.062
deepai_3_1_0_0.jpg,3.4555
deepai_8_11_1_0.jpg,2.4583
deepai_10_11_0_1.jpg,2.9159
deepai_9_0_1_0.jpg,3.002
deepai_7_9_1_0.jpg,3.1193
dreamStudio_7_6_0_1.jpg,2.1006
dreamStudio_1_3_0_0.jpg,1.8955
deepai_11_14_0_1.jpg,2.9256
deepai_7_8_0_1.jpg,2.0001
dreamStudio_2_5_1_1.jpg,2.3334
dreamStudio_5_3_0_1.jpg,2.043
deepai_8_1_1_0.jpg,2.6344
deepai_2_11_0_1.jpg,3.1418
dreamStudio_1_1_0_0.jpg,1.972
deepai_6_13_0_1.jpg,3.1181
dreamStudio_2_3_0_1.jpg,1.1928
deepai_5_4_0_0.jpg,3.4797
deepai_5_12_0_1.jpg,3.4384
deepai_2_0_0_1.jpg,3.5349
deepai_6_11_0_0.jpg,2.7079
deepai_2_12_0_1.jpg,2.8548
deepai_1_14_1_0.jpg,2.2016
deepai_7_10_1_1.jpg,2.6812
dreamStudio_4_9_1_1.jpg,0.9848
deepai_7_7_0_0.jpg,2.8818
dreamStudio_0_5_1_1.jpg,1.6792
dreamStudio_0_4_1_1.jpg,1.4549
deepai_0_1_1_0.jpg,2.7512
deepai_2_3_1_0.jpg,2.3741
dreamStudio_4_6_1_1.jpg,0.7748
deepai_6_7_0_0.jpg,2.5313
deepai_11_11_1_0.jpg,3.3316
dreamStudio_5_6_0_1.jpg,1.6444
deepai_9_3_0_1.jpg,3.0399
deepai_7_1_1_1.jpg,2.8474
deepai_6_4_0_1.jpg,2.9717
dreamStudio_2_9_0_1.jpg,2.1408
dreamStudio_1_9_0_0.jpg,1.373
dreamStudio_3_3_0_0.jpg,2.1643
dreamStudio_7_8_1_0.jpg,2.3139
deepai_6_3_0_0.jpg,3.2785
deepai_4_12_1_0.jpg,4.1032
dreamStudio_7_2_0_1.jpg,1.8175
deepai_10_12_0_0.jpg,3.052
deepai_1_14_0_0.jpg,3.0169
deepai_10_6_0_1.jpg,3.0307
dreamStudio_8_6_1_1.jpg,0.5481
deepai_3_13_0_1.jpg,3.6245
deepai_7_2_1_0.jpg,2.4573
deepai_8_6_1_0.jpg,3.1192
dreamStudio_6_8_0_0.jpg,2.2363
dreamStudio_5_9_1_0.jpg,1.6391
dreamStudio_0_5_0_0.jpg,1.1021
deepai_10_2_0_1.jpg,3.3538
deepai_10_3_0_1.jpg,2.2892
deepai_10_8_0_0.jpg,3.9682
deepai_1_13_0_0.jpg,2.6604
dreamStudio_8_0_0_1.jpg,2.1671
dreamStudio_2_5_0_0.jpg,1.4698
dreamStudio_8_5_1_1.jpg,1.008
deepai_4_12_0_0.jpg,3.3378
deepai_6_8_0_1.jpg,2.6581
deepai_4_8_1_1.jpg,1.5807
dreamStudio_4_8_1_1.jpg,2.0067
deepai_10_10_1_1.jpg,2.9323
deepai_0_3_1_0.jpg,3.3568
deepai_1_8_0_0.jpg,2.7299
deepai_5_3_0_1.jpg,2.187
deepai_0_4_0_0.jpg,2.9596
dreamStudio_4_7_1_0.jpg,2.3723
deepai_1_8_1_0.jpg,1.0793
dreamStudio_7_5_1_0.jpg,1.4221
deepai_7_0_0_0.jpg,2.9879
deepai_1_9_0_0.jpg,3.7585
deepai_4_6_0_1.jpg,2.3252
dreamStudio_5_0_0_0.jpg,1.8728
deepai_8_12_1_1.jpg,3.3638
deepai_4_8_0_1.jpg,2.125
deepai_3_2_1_0.jpg,3.4449
dreamStudio_0_8_0_1.jpg,1.5384
deepai_6_7_0_1.jpg,3.0358
deepai_1_9_1_0.jpg,2.2367
dreamStudio_5_1_0_1.jpg,2.1235
dreamStudio_5_0_1_1.jpg,1.8713
deepai_1_7_1_1.jpg,3.7671
deepai_7_9_0_1.jpg,3.107
deepai_10_4_1_0.jpg,2.9521
deepai_6_1_0_0.jpg,2.6737
deepai_3_1_1_1.jpg,3.6479
deepai_2_12_1_1.jpg,3.3288
dreamStudio_1_4_1_0.jpg,1.5482
deepai_5_9_0_1.jpg,2.743
deepai_3_5_0_0.jpg,2.9228
deepai_6_10_1_0.jpg,2.3531
dreamStudio_2_9_1_0.jpg,1.406
deepai_11_0_0_0.jpg,3.0639
deepai_11_6_1_0.jpg,2.623
deepai_11_9_0_0.jpg,2.0857
deepai_10_4_1_1.jpg,2.5974
deepai_0_2_1_1.jpg,2.5191
deepai_4_8_1_0.jpg,2.7
deepai_3_0_0_1.jpg,2.8943
deepai_0_10_1_1.jpg,2.8785
deepai_11_4_1_0.jpg,3.2666
dreamStudio_1_4_0_1.jpg,1.8577
deepai_8_9_0_1.jpg,2.0926
dreamStudio_8_0_1_0.jpg,2.0667
deepai_8_0_1_0.jpg,2.3293
deepai_5_7_1_0.jpg,3.2638
deepai_0_14_1_0.jpg,2.7309
dreamStudio_6_7_0_1.jpg,2.1437
deepai_5_9_0_0.jpg,2.6522
deepai_6_10_0_0.jpg,2.8351
deepai_6_14_0_1.jpg,2.8486
dreamStudio_0_1_0_0.jpg,2.1138
deepai_9_10_1_0.jpg,2.5757
deepai_4_5_0_0.jpg,2.6916
dreamStudio_6_2_0_1.jpg,1.6093
deepai_11_3_0_1.jpg,2.7603
deepai_11_13_0_0.jpg,3.1324
deepai_5_8_0_1.jpg,2.6051
dreamStudio_6_6_0_1.jpg,1.249
deepai_7_14_0_0.jpg,3.0101
dreamStudio_3_4_1_1.jpg,1.3683
dreamStudio_8_2_0_1.jpg,1.5588
deepai_1_12_1_1.jpg,4.1945
deepai_4_11_0_1.jpg,2.8039
deepai_9_11_1_1.jpg,3.2208
deepai_10_1_0_0.jpg,3.3174
deepai_8_7_0_0.jpg,2.6024
dreamStudio_6_1_1_0.jpg,2.0387
dreamStudio_3_3_1_0.jpg,2.3956
deepai_2_1_1_0.jpg,3.3401
deepai_7_11_0_0.jpg,2.9566
deepai_3_3_1_1.jpg,3.1732
dreamStudio_4_3_1_1.jpg,1.5363
dreamStudio_3_6_1_1.jpg,1.8641
deepai_10_7_0_1.jpg,3.2472
deepai_7_6_0_1.jpg,1.8551
deepai_2_8_0_0.jpg,2.4559
deepai_10_9_0_1.jpg,2.8176
deepai_5_6_0_0.jpg,2.2512
deepai_5_2_1_1.jpg,2.168
deepai_0_7_0_1.jpg,3.0943
dreamStudio_4_6_0_1.jpg,0.9675
dreamStudio_7_1_0_0.jpg,2.0521
deepai_9_2_1_0.jpg,3.1279
deepai_6_3_0_1.jpg,3.1373
deepai_4_5_1_1.jpg,2.5849
deepai_6_2_0_0.jpg,2.9564
dreamStudio_1_2_1_1.jpg,1.8936
deepai_6_4_0_0.jpg,2.9101
deepai_8_5_0_0.jpg,3.122
dreamStudio_5_4_1_0.jpg,1.8752
dreamStudio_3_5_0_0.jpg,2.0332
deepai_4_1_0_1.jpg,3.6068
deepai_5_13_1_1.jpg,2.3841
deepai_10_14_0_0.jpg,2.7025
deepai_5_12_1_1.jpg,2.4278
dreamStudio_4_9_1_0.jpg,0.4379
deepai_8_4_0_1.jpg,2.5972
dreamStudio_7_9_0_1.jpg,0.0653
deepai_4_8_0_0.jpg,2.3046
deepai_3_11_1_1.jpg,2.3126
dreamStudio_8_4_0_1.jpg,1.9933
deepai_6_10_0_1.jpg,2.9312
dreamStudio_8_3_0_1.jpg,0.6161
deepai_5_2_0_0.jpg,2.839
deepai_1_10_0_0.jpg,2.0466
dreamStudio_3_0_1_1.jpg,2.4315
deepai_9_9_1_1.jpg,3.35
deepai_7_1_1_0.jpg,3.2629
deepai_9_6_0_1.jpg,3.121
dreamStudio_1_7_0_1.jpg,1.8635
deepai_0_6_1_1.jpg,1.6987
dreamStudio_2_4_0_1.jpg,1.5367
dreamStudio_1_7_1_1.jpg,2.1043
deepai_4_13_1_0.jpg,3.1262
deepai_3_9_0_0.jpg,3.0991
dreamStudio_3_5_1_0.jpg,1.7185
deepai_5_5_0_0.jpg,2.7762
dreamStudio_7_8_1_1.jpg,2.5116
deepai_0_14_0_0.jpg,3.0179
deepai_0_4_0_1.jpg,2.463
dreamStudio_8_8_0_1.jpg,1.0239
dreamStudio_4_7_0_1.jpg,1.2663
deepai_4_4_0_0.jpg,3.0103
deepai_7_3_1_1.jpg,3.7992
deepai_6_12_0_1.jpg,3.3452
dreamStudio_6_1_1_1.jpg,1.9037
deepai_11_6_0_1.jpg,3.2182
deepai_9_4_0_0.jpg,2.1533
dreamStudio_1_4_1_1.jpg,2.0733
deepai_7_9_0_0.jpg,3.3065
dreamStudio_0_6_1_1.jpg,2.1117
dreamStudio_8_0_0_0.jpg,1.9583
deepai_11_12_0_1.jpg,2.2916
deepai_4_14_0_0.jpg,2.5718
deepai_1_10_0_1.jpg,2.81
deepai_5_4_1_0.jpg,2.9987
deepai_10_12_1_0.jpg,2.6354
deepai_2_14_0_0.jpg,3.9323
deepai_10_13_0_0.jpg,3.2236
deepai_6_8_0_0.jpg,2.1332
dreamStudio_1_9_1_1.jpg,2.287
deepai_3_4_0_0.jpg,3.1531
dreamStudio_8_3_0_0.jpg,0.0475
dreamStudio_1_8_0_1.jpg,2.1231
deepai_4_3_1_0.jpg,2.7397
dreamStudio_2_9_0_0.jpg,1.9747
dreamStudio_5_9_1_1.jpg,0.4082
deepai_6_3_1_1.jpg,2.9101
deepai_1_1_0_0.jpg,2.7059
deepai_2_5_0_1.jpg,2.5183
dreamStudio_2_1_0_1.jpg,1.8566
dreamStudio_4_2_1_0.jpg,0.0085
deepai_1_2_1_0.jpg,2.9198
deepai_10_6_0_0.jpg,2.9005
dreamStudio_4_2_0_1.jpg,1.6375
deepai_6_8_1_1.jpg,2.1384
deepai_0_0_0_1.jpg,4.16
deepai_11_4_0_0.jpg,3.3117
deepai_9_7_0_1.jpg,3.3211
deepai_0_9_1_1.jpg,1.8455
deepai_7_0_1_0.jpg,3.2618
dreamStudio_1_0_1_1.jpg,1.5162
dreamStudio_4_3_0_1.jpg,1.4389
dreamStudio_4_9_0_1.jpg,2.3337
deepai_10_0_1_1.jpg,2.365
deepai_11_14_1_1.jpg,2.8555
deepai_7_11_1_0.jpg,2.1699
deepai_2_3_0_1.jpg,2.1337
deepai_6_13_1_1.jpg,3.3525
deepai_0_6_0_1.jpg,2.4521
dreamStudio_5_2_0_0.jpg,1.9679
dreamStudio_2_0_0_1.jpg,1.48
deepai_3_5_0_1.jpg,3.3724
dreamStudio_8_2_1_1.jpg,0.6008
dreamStudio_1_2_0_1.jpg,1.3716
dreamStudio_7_2_0_0.jpg,2.0657
deepai_9_11_1_0.jpg,2.5972
deepai_0_6_1_0.jpg,2.8791
deepai_3_14_1_0.jpg,2.3494
deepai_9_10_0_0.jpg,3.5159
deepai_3_14_0_0.jpg,3.4782
deepai_11_13_1_0.jpg,2.3047
deepai_8_12_1_0.jpg,2.9812
deepai_0_1_0_1.jpg,2.6856
deepai_2_8_1_1.jpg,3.9417
deepai_9_8_0_1.jpg,2.6214
dreamStudio_8_1_1_1.jpg,0.6921
dreamStudio_4_2_0_0.jpg,2.1339
deepai_9_12_0_0.jpg,2.941
deepai_5_7_1_1.jpg,4.0427
deepai_2_6_1_0.jpg,2.5245
dreamStudio_0_7_1_0.jpg,2.0796
dreamStudio_6_2_1_1.jpg,1.1941
deepai_2_13_0_0.jpg,2.2326
dreamStudio_4_4_1_1.jpg,0.2256
deepai_10_7_0_0.jpg,3.2492
dreamStudio_6_9_0_0.jpg,0.0
deepai_8_11_0_1.jpg,3.0838
dreamStudio_2_2_0_0.jpg,1.5608
deepai_7_14_1_1.jpg,3.326
deepai_3_4_1_0.jpg,2.6698
deepai_1_8_0_1.jpg,2.273
dreamStudio_3_9_0_1.jpg,2.917
dreamStudio_5_4_0_0.jpg,1.8047
dreamStudio_4_5_1_0.jpg,1.3755
deepai_6_13_1_0.jpg,2.9403
deepai_11_9_1_1.jpg,3.6207
deepai_11_10_0_0.jpg,2.7824
dreamStudio_2_2_1_0.jpg,1.6722
deepai_10_14_0_1.jpg,3.523
deepai_8_0_0_0.jpg,2.9884
deepai_6_9_1_0.jpg,2.719
deepai_1_4_1_0.jpg,2.8119
deepai_5_11_0_0.jpg,3.301
dreamStudio_2_8_0_1.jpg,2.7911
dreamStudio_4_5_0_0.jpg,1.0091
deepai_3_13_1_0.jpg,2.7879
deepai_4_7_0_0.jpg,3.0398
deepai_3_2_0_1.jpg,3.4304
dreamStudio_4_5_1_1.jpg,0.6059
deepai_10_0_1_0.jpg,3.0305
deepai_7_3_0_0.jpg,2.6181
deepai_0_5_1_1.jpg,2.1143
dreamStudio_1_6_1_1.jpg,1.8307
deepai_2_3_0_0.jpg,3.1744
dreamStudio_3_3_1_1.jpg,1.3343
dreamStudio_3_1_1_1.jpg,2.1124
deepai_1_13_0_1.jpg,2.5891
dreamStudio_4_6_0_0.jpg,0.4767
deepai_11_9_0_1.jpg,3.2349
deepai_10_3_1_1.jpg,3.9466
deepai_9_1_0_1.jpg,2.8787
deepai_2_4_1_1.jpg,2.209
deepai_11_2_1_0.jpg,2.7951
dreamStudio_7_5_1_1.jpg,2.0333
deepai_10_2_0_0.jpg,2.6275
dreamStudio_3_8_0_0.jpg,2.3241
dreamStudio_4_4_0_1.jpg,0.2121
dreamStudio_0_0_1_0.jpg,1.9295
dreamStudio_4_0_1_0.jpg,2.3301
dreamStudio_0_2_0_1.jpg,1.9684
dreamStudio_8_7_1_0.jpg,0.23
deepai_9_11_0_1.jpg,2.5896
deepai_3_10_0_0.jpg,3.1539
deepai_8_3_1_0.jpg,2.8645
dreamStudio_5_6_0_0.jpg,1.6269
dreamStudio_7_0_0_0.jpg,0.1067
dreamStudio_6_5_0_0.jpg,2.0025
dreamStudio_1_1_1_0.jpg,1.0705
deepai_6_9_0_1.jpg,2.9324
deepai_5_6_1_1.jpg,2.2286
dreamStudio_0_9_1_0.jpg,2.2177
deepai_2_0_1_1.jpg,4.5198
deepai_4_2_0_1.jpg,3.0184
deepai_4_13_0_1.jpg,2.6814
deepai_1_6_1_0.jpg,2.9199
deepai_8_9_1_0.jpg,3.3545
deepai_7_7_0_1.jpg,3.2055
deepai_7_7_1_0.jpg,3.0549
dreamStudio_1_3_0_1.jpg,2.0447
deepai_6_0_0_1.jpg,4.327
deepai_1_9_0_1.jpg,2.9577
deepai_4_7_1_1.jpg,2.4857
deepai_11_6_0_0.jpg,3.3882
dreamStudio_4_6_1_0.jpg,1.0048
dreamStudio_8_1_0_1.jpg,1.3653
deepai_3_8_0_0.jpg,3.9194
deepai_9_3_0_0.jpg,3.0315
dreamStudio_6_4_1_1.jpg,0.3282
deepai_1_3_1_1.jpg,2.8817
deepai_10_5_1_0.jpg,2.6471
deepai_5_9_1_1.jpg,3.0668
deepai_10_9_1_1.jpg,4.6314
dreamStudio_0_8_0_0.jpg,1.39
dreamStudio_5_1_1_1.jpg,2.3798
deepai_2_2_0_0.jpg,2.614
dreamStudio_8_6_0_0.jpg,1.5194
dreamStudio_5_8_0_1.jpg,1.9928
deepai_11_8_0_1.jpg,2.2476
deepai_1_14_0_1.jpg,3.038
deepai_2_6_1_1.jpg,2.7022
deepai_3_9_1_0.jpg,2.4295
deepai_0_2_0_1.jpg,1.952
deepai_7_5_1_1.jpg,2.4682
deepai_8_0_0_1.jpg,3.7476
deepai_5_6_0_1.jpg,2.2554
deepai_7_3_0_1.jpg,3.1122
dreamStudio_4_7_1_1.jpg,1.7432
deepai_2_4_0_1.jpg,2.8092
deepai_6_6_1_1.jpg,3.3168
deepai_9_11_0_0.jpg,2.8913
deepai_11_5_0_1.jpg,2.7015
deepai_11_4_0_1.jpg,3.0081
deepai_5_13_0_1.jpg,3.2935
deepai_5_11_1_0.jpg,2.7723
deepai_10_6_1_1.jpg,2.7368
dreamStudio_5_2_1_1.jpg,2.1223
deepai_1_7_0_0.jpg,3.59
dreamStudio_1_6_1_0.jpg,1.5728
deepai_1_2_1_1.jpg,4.1876
dreamStudio_7_9_1_1.jpg,2.1513
dreamStudio_3_7_1_1.jpg,2.2944
dreamStudio_6_6_0_0.jpg,0.3911
deepai_0_8_1_1.jpg,1.6632
deepai_1_5_0_0.jpg,2.7657
dreamStudio_6_3_0_0.jpg,1.4702
deepai_2_9_1_0.jpg,2.8672
deepai_1_1_1_0.jpg,2.4386
deepai_8_2_1_0.jpg,2.61
deepai_7_10_0_0.jpg,2.4906
dreamStudio_4_4_0_0.jpg,1.874
deepai_9_1_1_1.jpg,3.8421
deepai_2_8_1_0.jpg,3.939
dreamStudio_8_7_0_1.jpg,2.2535
deepai_6_11_1_1.jpg,3.3521
dreamStudio_5_4_0_1.jpg,1.7407
deepai_2_14_0_1.jpg,4.0521
deepai_1_6_0_0.jpg,2.7857
deepai_0_9_0_1.jpg,3.9638
deepai_10_11_1_0.jpg,2.4313
deepai_0_2_1_0.jpg,2.6803
deepai_3_3_1_0.jpg,2.4828
deepai_2_3_1_1.jpg,2.878
deepai_0_8_0_1.jpg,2.9097
deepai_4_11_1_0.jpg,2.8287
deepai_0_8_0_0.jpg,2.6335
deepai_11_13_1_1.jpg,2.9032
deepai_1_5_1_1.jpg,2.3206
deepai_7_5_0_1.jpg,4.0444
dreamStudio_0_5_1_0.jpg,1.1634
deepai_2_8_0_1.jpg,2.7055
deepai_5_10_1_0.jpg,2.6609
deepai_11_2_0_1.jpg,3.3776
dreamStudio_3_1_1_0.jpg,0.0
deepai_8_7_0_1.jpg,3.3826
deepai_5_1_1_1.jpg,2.2106
deepai_3_7_1_0.jpg,2.9226
deepai_0_12_0_0.jpg,2.457
deepai_7_4_0_0.jpg,3.2622
deepai_0_14_1_1.jpg,3.4734
dreamStudio_3_4_1_0.jpg,2.0884
dreamStudio_3_9_1_1.jpg,2.012
deepai_7_6_0_0.jpg,3.2473
deepai_4_7_1_0.jpg,2.7129
deepai_2_9_0_0.jpg,2.7465
deepai_0_11_1_0.jpg,3.3242
dreamStudio_0_1_0_1.jpg,1.9125
deepai_11_1_1_0.jpg,2.9886
dreamStudio_3_0_0_0.jpg,3.2716
deepai_7_9_1_1.jpg,3.8984
dreamStudio_0_7_0_0.jpg,1.575
dreamStudio_3_5_0_1.jpg,3.2586
deepai_4_5_1_0.jpg,2.1596
deepai_4_12_1_1.jpg,2.3714
deepai_11_11_0_1.jpg,3.418
dreamStudio_3_6_1_0.jpg,1.8383
deepai_9_10_1_1.jpg,2.9794
deepai_11_10_1_1.jpg,3.1422
deepai_11_3_1_0.jpg,2.7047
deepai_1_5_1_0.jpg,3.0514
dreamStudio_2_2_0_1.jpg,0.0
dreamStudio_6_3_1_1.jpg,0.023
dreamStudio_0_3_1_1.jpg,2.3536
dreamStudio_3_1_0_1.jpg,1.7395
deepai_4_13_1_1.jpg,2.0004
deepai_3_13_1_1.jpg,3.4404
dreamStudio_4_8_0_1.jpg,0.6604
deepai_1_3_0_0.jpg,2.3086
deepai_4_0_0_1.jpg,3.6349
deepai_4_11_0_0.jpg,2.8407
deepai_5_14_1_0.jpg,3.4433
deepai_7_4_1_1.jpg,3.0305
deepai_6_8_1_0.jpg,2.9946
deepai_3_14_1_1.jpg,4.3519
deepai_6_12_0_0.jpg,2.8035
dreamStudio_0_1_1_0.jpg,1.5149
dreamStudio_2_8_0_0.jpg,1.5312
deepai_1_11_0_1.jpg,2.6129
deepai_2_5_1_0.jpg,3.065
dreamStudio_8_8_0_0.jpg,1.9143
deepai_1_10_1_1.jpg,2.3044
deepai_4_4_1_0.jpg,2.8905
deepai_11_0_1_0.jpg,2.3189
dreamStudio_4_8_1_0.jpg,2.0891
dreamStudio_7_4_0_0.jpg,1.8211
deepai_11_5_0_0.jpg,2.5874
dreamStudio_8_9_1_1.jpg,0.4414
dreamStudio_6_8_1_1.jpg,3.0692
deepai_10_7_1_1.jpg,2.8531
deepai_11_14_1_0.jpg,3.2436
dreamStudio_4_1_0_0.jpg,1.7288
deepai_3_6_0_0.jpg,2.437
deepai_9_4_0_1.jpg,2.4654
deepai_3_6_0_1.jpg,4.7545
dreamStudio_2_6_1_1.jpg,2.1932
dreamStudio_2_7_0_0.jpg,2.5306
deepai_4_14_0_1.jpg,2.927
dreamStudio_6_6_1_1.jpg,1.4905
deepai_10_13_1_1.jpg,3.8392
deepai_5_11_0_1.jpg,2.0756
dreamStudio_3_2_0_0.jpg,2.0494
deepai_8_2_0_1.jpg,2.8103
dreamStudio_8_4_1_1.jpg,1.7202
dreamStudio_4_1_1_1.jpg,1.3697
deepai_10_14_1_0.jpg,2.9787
dreamStudio_4_5_0_1.jpg,0.5429
dreamStudio_3_4_0_1.jpg,3.3225
deepai_4_2_0_0.jpg,2.8305
deepai_5_13_1_0.jpg,3.8288
deepai_2_5_0_0.jpg,2.4388
dreamStudio_3_9_1_0.jpg,2.0248
deepai_2_12_0_0.jpg,3.3312
deepai_0_11_0_1.jpg,4.4109
deepai_9_2_0_0.jpg,2.9035
dreamStudio_7_4_1_1.jpg,1.2171
dreamStudio_5_3_0_0.jpg,0.6662
deepai_3_8_1_0.jpg,2.5571
deepai_1_2_0_0.jpg,3.136
deepai_6_2_1_0.jpg,2.6685
dreamStudio_5_8_0_0.jpg,2.234
deepai_3_1_0_1.jpg,2.5132
deepai_10_1_0_1.jpg,3.1307
deepai_9_8_0_0.jpg,2.6312
deepai_3_12_1_1.jpg,4.414
deepai_0_10_1_0.jpg,2.7142
dreamStudio_5_6_1_0.jpg,1.6987
deepai_4_6_0_0.jpg,2.9275
dreamStudio_6_9_1_1.jpg,1.8038
deepai_6_9_0_0.jpg,2.9853
deepai_7_3_1_0.jpg,2.3595
deepai_11_7_0_0.jpg,2.8038
deepai_6_10_1_1.jpg,2.9952
dreamStudio_6_4_0_0.jpg,2.3376
dreamStudio_3_8_1_0.jpg,1.3457
dreamStudio_6_7_1_1.jpg,1.8107
deepai_8_7_1_1.jpg,2.5236
deepai_4_0_1_1.jpg,2.3144
deepai_4_1_0_0.jpg,3.0324
deepai_10_14_1_1.jpg,3.5206
deepai_3_8_1_1.jpg,2.8587
deepai_6_5_0_1.jpg,2.9709
deepai_8_12_0_0.jpg,2.8606
deepai_8_4_1_1.jpg,2.6081
dreamStudio_0_8_1_0.jpg,1.7934
deepai_4_9_1_1.jpg,2.7428
deepai_9_0_1_1.jpg,4.4221
deepai_4_9_0_0.jpg,2.9448
deepai_11_11_1_1.jpg,2.5047
deepai_8_13_0_1.jpg,2.5873
deepai_2_9_1_1.jpg,3.1956
deepai_9_9_1_0.jpg,1.9236
deepai_8_13_0_0.jpg,2.3892
dreamStudio_2_5_1_0.jpg,0.0
deepai_9_12_1_1.jpg,1.9383
dreamStudio_7_3_0_1.jpg,2.1131
deepai_4_3_0_0.jpg,2.7909
deepai_0_7_1_0.jpg,2.9573
deepai_11_10_1_0.jpg,2.3745
deepai_4_5_0_1.jpg,2.6337
dreamStudio_5_2_0_1.jpg,0.6797
deepai_8_10_1_1.jpg,2.8178
deepai_7_10_0_1.jpg,3.6515
deepai_11_2_0_0.jpg,2.7185
deepai_0_7_1_1.jpg,3.0435
dreamStudio_2_7_1_1.jpg,1.8005
dreamStudio_2_4_1_0.jpg,0.7088
deepai_0_11_0_0.jpg,2.9649
deepai_0_10_0_0.jpg,2.3157
deepai_4_4_1_1.jpg,2.1526
deepai_5_7_0_0.jpg,2.4694
dreamStudio_7_2_1_1.jpg,2.0231
deepai_2_4_1_0.jpg,2.7943
deepai_0_13_1_0.jpg,2.0556
deepai_8_5_0_1.jpg,3.0887
deepai_10_6_1_0.jpg,2.5341
deepai_0_5_0_0.jpg,2.5378
deepai_10_0_0_1.jpg,5.0
deepai_3_2_0_0.jpg,3.4839
deepai_8_5_1_0.jpg,2.4471
deepai_6_7_1_1.jpg,2.1037
dreamStudio_7_3_1_1.jpg,2.0666
deepai_1_11_1_1.jpg,2.1858
dreamStudio_4_1_1_0.jpg,1.7445
dreamStudio_3_7_0_0.jpg,2.3148
deepai_1_7_1_0.jpg,2.7341
deepai_6_0_1_0.jpg,2.6175
dreamStudio_6_2_1_0.jpg,0.3404
deepai_3_7_0_0.jpg,3.4968
deepai_4_11_1_1.jpg,1.9409
deepai_0_9_0_0.jpg,2.9932
deepai_1_13_1_0.jpg,2.7415
deepai_7_5_1_0.jpg,2.5239
dreamStudio_5_5_0_0.jpg,1.2959
deepai_8_14_0_0.jpg,3.184
dreamStudio_1_8_1_0.jpg,3.1626
deepai_7_2_0_0.jpg,3.2486
dreamStudio_0_2_1_0.jpg,1.6691
deepai_3_13_0_0.jpg,2.8341
deepai_8_13_1_0.jpg,2.9425
deepai_6_1_1_0.jpg,2.7659
deepai_0_7_0_0.jpg,2.738
deepai_0_10_0_1.jpg,2.8146
deepai_7_4_1_0.jpg,2.8713
deepai_3_4_0_1.jpg,3.1797
deepai_4_0_0_0.jpg,3.2479
deepai_6_11_1_0.jpg,3.3288
dreamStudio_0_0_0_1.jpg,3.1164
deepai_2_7_1_1.jpg,2.647
dreamStudio_1_5_0_1.jpg,0.7628
deepai_3_10_0_1.jpg,3.6857
deepai_1_5_0_1.jpg,2.7119
deepai_10_10_1_0.jpg,2.619
dreamStudio_5_7_1_0.jpg,1.703
deepai_9_6_0_0.jpg,3.1872
dreamStudio_1_5_1_0.jpg,1.2878
deepai_3_12_0_0.jpg,3.2401
deepai_8_14_1_1.jpg,3.2214
deepai_10_8_1_1.jpg,2.7437
dreamStudio_6_0_1_0.jpg,0.6892
deepai_2_2_1_1.jpg,3.2491
deepai_6_4_1_1.jpg,3.4676
dreamStudio_3_4_0_0.jpg,1.4539
deepai_1_0_0_0.jpg,2.5398
deepai_0_8_1_0.jpg,2.428
deepai_10_11_0_0.jpg,2.6396
deepai_3_5_1_0.jpg,3.6609
dreamStudio_2_6_0_0.jpg,0.6213
dreamStudio_3_6_0_1.jpg,1.2367
deepai_1_11_0_0.jpg,2.5311
dreamStudio_6_2_0_0.jpg,2.7066
dreamStudio_1_8_0_0.jpg,2.0078
dreamStudio_2_9_1_1.jpg,2.4229
deepai_0_3_0_0.jpg,2.8565
dreamStudio_8_8_1_0.jpg,2.3207
deepai_9_0_0_1.jpg,4.0744
deepai_1_1_0_1.jpg,2.0356
dreamStudio_3_2_1_0.jpg,2.0102
deepai_3_11_0_0.jpg,3.1522
dreamStudio_7_7_1_1.jpg,1.969
dreamStudio_5_7_0_1.jpg,2.4633
deepai_7_13_1_1.jpg,3.1854
dreamStudio_8_4_1_0.jpg,1.0146
dreamStudio_0_3_1_0.jpg,0.2444
deepai_10_4_0_0.jpg,2.2623
deepai_7_6_1_0.jpg,3.114
dreamStudio_8_2_0_0.jpg,1.6851
dreamStudio_6_7_0_0.jpg,0.8209
deepai_2_10_0_0.jpg,2.7124
dreamStudio_5_7_1_1.jpg,1.4109
dreamStudio_5_5_0_1.jpg,1.3616
deepai_11_7_0_1.jpg,2.5816
deepai_1_0_1_1.jpg,3.9194
deepai_7_12_0_1.jpg,3.0101
dreamStudio_0_6_0_1.jpg,0.4951
deepai_2_2_1_0.jpg,2.431
deepai_11_12_1_0.jpg,2.6763
deepai_5_5_1_0.jpg,2.7968
dreamStudio_2_7_0_1.jpg,2.7237
dreamStudio_2_3_0_0.jpg,1.5014
dreamStudio_0_4_0_0.jpg,0.3827
deepai_8_1_0_1.jpg,3.8742
deepai_9_9_0_1.jpg,2.8529
dreamStudio_1_7_1_0.jpg,1.9749
deepai_6_2_0_1.jpg,2.2023
deepai_8_0_1_1.jpg,3.9868
deepai_2_11_1_0.jpg,2.0392
dreamStudio_3_2_0_1.jpg,1.282
deepai_6_6_1_0.jpg,2.8348
deepai_3_2_1_1.jpg,3.2961
dreamStudio_5_8_1_0.jpg,1.7241
dreamStudio_1_9_0_1.jpg,1.969
deepai_2_7_0_0.jpg,3.0322
deepai_2_1_0_1.jpg,2.9853
deepai_3_1_1_0.jpg,3.3258
deepai_7_13_0_0.jpg,2.6274
dreamStudio_7_3_0_0.jpg,1.5729
deepai_1_0_1_0.jpg,3.283
deepai_10_9_0_0.jpg,2.86
deepai_0_9_1_0.jpg,3.2785
dreamStudio_8_9_0_0.jpg,1.4402
deepai_3_3_0_1.jpg,2.7084
deepai_0_11_1_1.jpg,2.3602
deepai_7_8_1_1.jpg,2.8004
deepai_2_14_1_1.jpg,3.1332
deepai_8_4_0_0.jpg,3.6523
dreamStudio_8_6_0_1.jpg,0.9632
dreamStudio_0_8_1_1.jpg,3.0561
deepai_2_13_1_1.jpg,2.7779
deepai_0_5_1_0.jpg,2.8267
deepai_11_5_1_1.jpg,2.83
dreamStudio_0_0_0_0.jpg,2.1342
dreamStudio_8_8_1_1.jpg,1.7484
deepai_8_8_1_1.jpg,3.369
deepai_8_13_1_1.jpg,3.7561
deepai_3_0_1_0.jpg,2.8273
dreamStudio_1_0_1_0.jpg,2.2856
dreamStudio_5_9_0_1.jpg,2.0445
deepai_8_8_0_0.jpg,2.3103
deepai_5_14_0_1.jpg,2.4324
deepai_10_4_0_1.jpg,3.0304
deepai_10_2_1_1.jpg,3.2467
dreamStudio_8_5_1_0.jpg,0.4798
deepai_7_1_0_0.jpg,2.3973
deepai_3_7_1_1.jpg,3.3581
deepai_10_13_1_0.jpg,2.2796
deepai_1_13_1_1.jpg,2.7272
deepai_4_1_1_1.jpg,2.7868
dreamStudio_4_3_0_0.jpg,1.3803
deepai_10_13_0_1.jpg,3.2607
deepai_9_9_0_0.jpg,3.2278
dreamStudio_6_5_0_1.jpg,1.2618
deepai_7_4_0_1.jpg,3.1616
deepai_2_1_0_0.jpg,3.0779
deepai_6_9_1_1.jpg,3.08
dreamStudio_4_0_0_0.jpg,2.4345
deepai_1_14_1_1.jpg,3.9624
dreamStudio_2_6_0_1.jpg,1.8619
deepai_7_10_1_0.jpg,2.6193
deepai_1_6_0_1.jpg,2.9968
deepai_4_7_0_1.jpg,2.1469
dreamStudio_1_1_1_1.jpg,1.9488
dreamStudio_2_3_1_1.jpg,1.9327
deepai_1_12_0_0.jpg,4.0318
deepai_4_13_0_0.jpg,3.3531
deepai_11_14_0_0.jpg,2.3658
deepai_8_7_1_0.jpg,2.5913
dreamStudio_2_8_1_1.jpg,2.0843
deepai_6_14_1_1.jpg,2.6726
dreamStudio_3_2_1_1.jpg,2.2266
deepai_5_11_1_1.jpg,3.0076
deepai_11_3_0_0.jpg,2.8997
deepai_7_12_1_1.jpg,3.1059
dreamStudio_5_4_1_1.jpg,1.9091
deepai_1_3_0_1.jpg,2.7631
dreamStudio_3_7_0_1.jpg,1.4182
deepai_9_13_1_1.jpg,2.663
dreamStudio_7_6_1_1.jpg,1.1906
deepai_8_6_1_1.jpg,2.8465
dreamStudio_5_6_1_1.jpg,1.6605
deepai_9_8_1_0.jpg,2.6449
deepai_2_7_1_0.jpg,3.9579
dreamStudio_4_9_0_0.jpg,0.0
deepai_9_5_0_1.jpg,2.3372
deepai_6_5_0_0.jpg,3.471
deepai_6_12_1_0.jpg,2.6883
dreamStudio_8_9_0_1.jpg,0.0168
deepai_11_6_1_1.jpg,3.3642
dreamStudio_3_3_0_1.jpg,2.075
deepai_0_0_1_0.jpg,3.4862
deepai_11_5_1_0.jpg,2.5412
deepai_9_7_1_1.jpg,2.5814
deepai_0_12_1_0.jpg,3.603
deepai_2_11_0_0.jpg,3.2012
deepai_11_1_0_1.jpg,3.1174
dreamStudio_8_3_1_0.jpg,1.7149
deepai_4_9_0_1.jpg,3.0713
deepai_11_9_1_0.jpg,2.5718
deepai_0_12_1_1.jpg,3.3671
deepai_5_2_0_1.jpg,2.5445
deepai_5_5_1_1.jpg,2.6918
dreamStudio_4_8_0_0.jpg,2.1158
deepai_4_3_1_1.jpg,2.8782
deepai_2_2_0_1.jpg,2.6501
dreamStudio_3_0_1_0.jpg,1.7234
